#include "common.h"
#include "functions.h"
#include "gu/guint.h"
#include "structs.h"
#include "variables.h"
#include "macros.h"
#include "yoshi.h"

struct S_802F9934 {
  u8 unk0;
  char unk1[15];
  s32 unk10;
};

struct S_802F48D0 {
  u8 unk0;
  u8 pad1;
  s16 unk2[0x10];
};

Gfx* func_hd_code_80274AA4(s32);                     /* extern */
s32 func_hd_code_80272ED8(s32, s32, u8, s32, u32, s32, f32); /* extern */
void func_hd_code_80259BD4(Gfx**, struct Model1*);     /* extern */
void func_hd_code_8026EF70(struct S_802F8BDC*);        /* extern */
u8* func_hd_code_8026F004(struct S_802F8BDC*, u16, s32); /* extern */
u8 func_hd_code_8026F644(struct S_802F8BDC*, struct S_8020C070*, s16); /* extern */
u16 func_hd_code_8026F82C(u16, u16, u16);             /* extern */
u16 func_hd_code_8026F8A8(u16, u16, u16, u16);        /* extern */
void func_hd_code_8026FB50(struct S_802F8BDC*);        /* extern */
Gfx* func_hd_code_80274998(Gfx*);                   /* extern */
Gfx* func_hd_code_80274B08(Gfx*);                   /* extern */
Gfx* func_hd_code_80275DA4(Gfx*, u8);                /* extern */
Gfx* func_hd_code_80274868(Gfx*);                     /* extern */
s32 func_hd_code_8025B558(u16*);                    /* extern */
void func_hd_code_8026BA7C(struct S_802F8BDC*);        /* extern */
s32 func_hd_code_80297EF8(s32);                     /* extern */
Gfx* func_hd_code_8026BCE0(Gfx* gfx, struct Model1* arg1, s32* arg2);

extern u16 D_hd_code_802E8C98[];
extern u16 D_hd_code_802E8C9C[];
extern u8 D_hd_code_802F4878[];
extern s32 D_hd_code_8030BE64;
extern s32 D_hd_code_8030BE90;
extern s32 D_hd_code_8030BE94;
extern u64 D_hd_code_80364A98;
extern u32 D_hd_code_80364AA8;

char D_hd_code_8036B980[0x28];
char D_hd_code_8036B9A8[0x20];
char D_hd_code_8036B9C8[0x20];
char D_hd_code_8036B9E8[0x20];
char D_hd_code_8036BA08[0x20];
char D_hd_code_8036BA28[0x20];
u8 D_8036BA48[0x50];
u8 D_8036BA98[0x8];
u8 D_8036BAA0[0x48];
u8 D_8036BAE8[0x14];
u32 D_8036BAFC;
u32 D_8036BB00;
u16 D_8036BB04;
u16 D_8036BB06;
f32 D_8036BB08;
s16 D_8036BB0C;
s8 D_8036BB0E;
s8 bss_pad_8036BB0F;
struct S_8020C070* D_8036BB10;
u16 D_8036BB14;
u16 D_8036BB16;
s16 D_8036BB18;
s16 D_8036BB1A;
s16 D_hd_code_8036BB1C;
s16 D_8036BB1E;
s16 D_8036BB20;
s16 bss_pad_8036BB22;
struct S_8020C070* D_hd_code_8036BB24;
f32 D_8036BB28;
f32 D_8036BB2C;
s32 D_8036BB30;
f32 D_8036BB34;
f32 D_8036BB38;
u16 D_8036BB3C;
u16 D_8036BB3E;
s32 D_8036BB40;
s32 D_8036BB44;
u16 D_8036BB48[0x34];

extern s8 D_80370C11;
extern s8 D_80370C12;
extern s8 D_80370C13;
extern s8 D_80370C14;

extern s32 D_803F7684;

// Data begin
Gfx D_hd_code_802F46C0[] = {
    gsDPSetRenderMode(G_RM_PASS, G_RM_AA_ZB_OPA_SURF2),
    gsDPSetRenderMode(G_RM_PASS, G_RM_AA_ZB_XLU_SURF2),
    gsDPSetRenderMode(G_RM_PASS, G_RM_AA_ZB_TEX_EDGE2),
    gsDPSetRenderMode(G_RM_PASS, G_RM_AA_ZB_XLU_SURF2),
    gsDPSetRenderMode(G_RM_AA_ZB_OPA_SURF, G_RM_AA_ZB_OPA_SURF2),
    gsDPSetRenderMode(G_RM_AA_ZB_XLU_SURF, G_RM_AA_ZB_XLU_SURF2),
    gsDPSetRenderMode(G_RM_AA_ZB_TEX_EDGE, G_RM_AA_ZB_TEX_EDGE2),
    gsDPSetRenderMode(G_RM_AA_ZB_XLU_SURF, G_RM_AA_ZB_XLU_SURF2),
    gsDPSetCombineLERP(TEXEL1, TEXEL0, PRIM_LOD_FRAC, TEXEL0, TEXEL1, TEXEL0, PRIM_LOD_FRAC, TEXEL0, COMBINED, 0, SHADE, 0, 0, 0, 0, SHADE),
    gsDPSetCombineLERP(TEXEL1, TEXEL0, PRIM_LOD_FRAC, TEXEL0, TEXEL1, TEXEL0, PRIM_LOD_FRAC, TEXEL0, COMBINED, 0, SHADE, 0, SHADE, 0, ENVIRONMENT, 0),
    gsDPSetCombineMode(G_CC_TRILERP, G_CC_MODULATEI2),
    gsDPSetCombineLERP(TEXEL1, TEXEL0, LOD_FRACTION, TEXEL0, TEXEL1, TEXEL0, LOD_FRACTION, TEXEL0, COMBINED, 0, SHADE, 0, SHADE, 0, ENVIRONMENT, 0),
    gsDPSetCombineMode(G_CC_MODULATEI, G_CC_MODULATEI),
    gsDPSetCombineLERP(TEXEL0, 0, SHADE, 0, SHADE, 0, ENVIRONMENT, 0, TEXEL0, 0, SHADE, 0, SHADE, 0, ENVIRONMENT, 0),
    gsDPSetCombineMode(G_CC_DECALRGBA, G_CC_DECALRGBA),
    gsDPSetCombineLERP(0, 0, 0, TEXEL0, TEXEL0, 0, ENVIRONMENT, 0, 0, 0, 0, TEXEL0, TEXEL0, 0, ENVIRONMENT, 0),
    gsDPSetCombineLERP(TEXEL1, TEXEL0, PRIM_LOD_FRAC, TEXEL0, TEXEL1, TEXEL0, PRIM_LOD_FRAC, TEXEL0, COMBINED, 0, SHADE, 0, COMBINED, 0, SHADE, 0),
    gsDPSetCombineLERP(TEXEL1, TEXEL0, PRIM_LOD_FRAC, TEXEL0, TEXEL1, TEXEL0, PRIM_LOD_FRAC, TEXEL0, COMBINED, 0, SHADE, 0, TEXEL0, 0, ENVIRONMENT, 0),
    gsDPSetCombineMode(G_CC_TRILERP, G_CC_MODULATEIA2),
    gsDPSetCombineLERP(TEXEL1, TEXEL0, LOD_FRACTION, TEXEL0, TEXEL1, TEXEL0, LOD_FRACTION, TEXEL0, COMBINED, 0, SHADE, 0, TEXEL0, 0, ENVIRONMENT, 0),
    gsDPSetCombineMode(G_CC_MODULATEIA, G_CC_MODULATEIA),
    gsDPSetCombineLERP(TEXEL0, 0, SHADE, 0, TEXEL0, 0, ENVIRONMENT, 0, TEXEL0, 0, SHADE, 0, TEXEL0, 0, ENVIRONMENT, 0),
    gsDPSetCombineMode(G_CC_SHADE, G_CC_SHADE),
    gsDPSetCombineLERP(0, 0, 0, SHADE, SHADE, 0, ENVIRONMENT, 0, 0, 0, 0, SHADE, SHADE, 0, ENVIRONMENT, 0),
    gsSPClearGeometryMode(G_CULL_BOTH),
    gsSPVertex(0x0B000000, 4, 0),
    gsDPSetRenderMode(Z_CMP | Z_UPD | IM_RD | CVG_DST_CLAMP | ZMODE_OPA | GBL_c1(G_BL_CLR_MEM, G_BL_A_SHADE, G_BL_CLR_MEM, G_BL_1), Z_CMP | Z_UPD | IM_RD | CVG_DST_CLAMP | ZMODE_OPA | GBL_c2(G_BL_CLR_MEM, G_BL_A_SHADE, G_BL_CLR_MEM, G_BL_1)),
    gsSP1Triangle(0, 1, 3, 0),
    gsSP1Triangle(0, 2, 3, 0),
    gsDPPipeSync()
};

// Possibly some color pairs. Used for coloring vertices.
u8 D_hd_code_802F47B0[23][8] = {
  { 0x00, 0x00, 0x00, 0xFF, 0x00, 0x00, 0x00, 0xFF },
  { 0x5A, 0x5A, 0xDC, 0xFF, 0x5A, 0x5A, 0xDC, 0xFF },
  { 0x00, 0xFF, 0x00, 0xFF, 0x00, 0xFF, 0x00, 0xFF },
  { 0x00, 0xFF, 0xFF, 0xFF, 0x00, 0xFF, 0xFF, 0xFF },
  { 0xFF, 0x00, 0x00, 0xFF, 0xFF, 0x00, 0x00, 0xFF },
  { 0xFF, 0x00, 0xFF, 0xFF, 0xFF, 0x00, 0xFF, 0xFF },
  { 0xFF, 0xFF, 0x00, 0xFF, 0xFF, 0xFF, 0x00, 0xFF },
  { 0xFF, 0xFF, 0xFF, 0xFF, 0xFF, 0xFF, 0xFF, 0xFF },
  { 0x80, 0x80, 0x80, 0xFF, 0x80, 0x80, 0x80, 0xFF },
  { 0xFF, 0xB4, 0x00, 0xFF, 0xFF, 0xB4, 0x00, 0xFF },
  { 0xFF, 0x78, 0x00, 0xFF, 0xFF, 0x78, 0x00, 0xFF },
  { 0xFF, 0xF0, 0x46, 0xFF, 0xFF, 0xF0, 0x46, 0xFF },
  { 0xFF, 0x00, 0x00, 0xFF, 0xFF, 0xFF, 0x00, 0xFF },
  { 0xFF, 0xFF, 0xFF, 0xFF, 0xFF, 0xFF, 0x00, 0xFF },
  { 0x00, 0x00, 0xFF, 0xFF, 0xFF, 0xFF, 0xFF, 0xFF },
  { 0x00, 0xFF, 0xFF, 0xFF, 0x00, 0x00, 0xFF, 0xFF },
  { 0xFF, 0x00, 0x00, 0xFF, 0xFF, 0xFF, 0x00, 0xFF },
  { 0xFF, 0x00, 0x00, 0xFF, 0xFF, 0xFF, 0x00, 0xFF },
  { 0xFF, 0xFF, 0xFF, 0xFF, 0x00, 0x00, 0xFF, 0xFF },
  { 0xFF, 0xFF, 0xFF, 0xFF, 0xFF, 0x00, 0x00, 0xFF },
  { 0xFF, 0x00, 0xFF, 0xFF, 0xFF, 0x00, 0x00, 0xFF },
  { 0xFF, 0xB4, 0x00, 0xFF, 0xFF, 0x78, 0x00, 0xFF },
  { 0x00, 0xFF, 0x00, 0xFF, 0xFF, 0xFF, 0x00, 0xFF }
};
u8 D_hd_code_802F4868[8] = { 0x0F, 0x10, 0x10, 0x10, 0x10, 0x10, 0x10, 0x10 };
u8 D_hd_code_802F4870[8] = { 0x06, 0x07, 0x07, 0x07, 0x07, 0x07, 0x07, 0x07 };
u8 D_hd_code_802F4878[8] = { 0x0D, 0x19, 0x0E, 0x17, 0x10, 0x00, 0x10, 0x0E };
u32 D_hd_code_802F4880[] = { 0x0FFF0000, 0x00000000, 0x00000000, 0x00000000, 0x00000000, 0x00000000, 0x00000000, 0x00000000, 0x00000000, 0x00000000, 0x00000000, 0x00000000, 0x00000000, 0x00000000, 0x00000000, 0x00000000, 0x00000000, 0x00000000, 0x00000000, 0x00000000};
struct S_802F48D0 D_hd_code_802F48D0[8] = {
  { 0x00, 0x00, { 0x0057, 0x0054, 0x0055, 0x0050, 0x004C, 0x0053, 0x004A, 0x004D, 0x004E, 0x004F, 0x0049, 0x004B, 0xFFFF, 0x0000, 0x0000, 0x0000 } },
  { 0x0F, 0x00, { 0x0055, 0x0046, 0x0047, 0x004C, 0xFFFF, 0x0000, 0x0000, 0x0000, 0x0000, 0x0000, 0x0000, 0x0000, 0x0000, 0x0000, 0x0000, 0x0000 } },
  { 0x10, 0x00, { 0x0055, 0x0046, 0x004C, 0x0047, 0xFFFF, 0x0000, 0x0000, 0x0000, 0x0000, 0x0000, 0x0000, 0x0000, 0x0000, 0x0000, 0x0000, 0x0000 } },
  { 0x03, 0x00, { 0x0055, 0x0046, 0x0047, 0x0048, 0xFFFF, 0x0000, 0x0000, 0x0000, 0x0000, 0x0000, 0x0000, 0x0000, 0x0000, 0x0000, 0x0000, 0x0000 } },
  { 0x12, 0x00, { 0x0051, 0xFFFF, 0x0000, 0x0000, 0x0000, 0x0000, 0x0000, 0x0000, 0x0000, 0x0000, 0x0000, 0x0000, 0x0000, 0x0000, 0x0000, 0x0000 } },
  { 0x21, 0x00, { 0x0052, 0xFFFF, 0x0000, 0x0000, 0x0000, 0x0000, 0x0000, 0x0000, 0x0000, 0x0000, 0x0000, 0x0000, 0x0000, 0x0000, 0x0000, 0x0000 } },
  { 0x0D, 0x00, { 0x0056, 0x0054, 0xFFFF, 0x0000, 0x0000, 0x0000, 0x0000, 0x0000, 0x0000, 0x0000, 0x0000, 0x0000, 0x0000, 0x0000, 0x0000, 0x0000 } },
  { 0x0A, 0x00, { 0x0055, 0xFFFF, 0x0000, 0x0000, 0x0000, 0x0000, 0x0000, 0x0000, 0x0000, 0x0000, 0x0000, 0x0000, 0x0000, 0x0000, 0x0000, 0x0000 } }
};
u8 D_hd_code_802F49E0[20] = {
  0x01, 0x01, 0x01, 0x01,
  0x01, 0x01, 0x01, 0x01,
  0x01, 0x01, 0x01, 0x01,
  0x01, 0x01, 0x01, 0x01,
  0x01, 0x01, 0x00, 0x00
};
struct S_80367BCC D_hd_code_802F49F4[75] = {
    { 0x0000, 0x0000, 0x00, 0x00, { 0x00, 0x00, 0x00, 0x00, 0x00, 0x00, 0x00, 0x00, 0x00, 0x00, 0x00, 0x00, 0x00, 0x00, 0x00, 0x00, 0x00, 0x00, 0x00, 0x00 }, 0x01, { 0x00, 0x00, 0x00, 0x00, 0x00, 0x00, 0x00, 0x00, 0x00, 0x00, 0x00 }, 0x01, 0x00, 1.0f, 0x01, 0x00, 0x00, 0x00 },
    { 0x0000, 0xFFF8, 0x03, 0x00, { 0x09, 0x3D, 0x09, 0x3D, 0x09, 0x3E, 0x09, 0x3E, 0x09, 0x3F, 0x09, 0x3F, 0x00, 0x00, 0x00, 0x00, 0x00, 0x00, 0x00, 0x00 }, 0x04, { 0x02, 0x01, 0x02, 0x03, 0x00, 0x00, 0x00, 0x00, 0x00, 0x00, 0x01 }, 0x08, 0x00, 1.0f, 0x02, 0x09, 0x00, 0x00 },
    { 0x0000, 0xFFF8, 0x01, 0x00, { 0x09, 0x3E, 0x09, 0x3E, 0x00, 0x00, 0x00, 0x00, 0x00, 0x00, 0x00, 0x00, 0x00, 0x00, 0x00, 0x00, 0x00, 0x00, 0x00, 0x00 }, 0x01, { 0x01, 0x00, 0x00, 0x00, 0x00, 0x00, 0x00, 0x00, 0x00, 0x00, 0x01 }, 0x08, 0x00, 1.0f, 0x02, 0x09, 0x00, 0x00 },
    { 0x0000, 0xFFF8, 0x01, 0x00, { 0x09, 0x3F, 0x09, 0x3F, 0x00, 0x00, 0x00, 0x00, 0x00, 0x00, 0x00, 0x00, 0x00, 0x00, 0x00, 0x00, 0x00, 0x00, 0x00, 0x00 }, 0x01, { 0x01, 0x00, 0x00, 0x00, 0x00, 0x00, 0x00, 0x00, 0x00, 0x00, 0x02 }, 0x08, 0x00, 1.0f, 0x02, 0x09, 0x00, 0x00 },
    { 0xFFF0, 0xFFF8, 0x05, 0x00, { 0x09, 0x40, 0x09, 0x40, 0x09, 0x41, 0x09, 0x41, 0x09, 0x42, 0x09, 0x42, 0x09, 0x43, 0x09, 0x43, 0x09, 0x44, 0x09, 0x44 }, 0x0A, { 0x03, 0x02, 0x01, 0x01, 0x02, 0x03, 0x04, 0x05, 0x05, 0x04, 0x01 }, 0x0A, 0x00, 1.0f, 0x02, 0x09, 0x00, 0x00 },
    { 0xFFF0, 0xFFF8, 0x01, 0x00, { 0x09, 0x42, 0x09, 0x42, 0x00, 0x00, 0x00, 0x00, 0x00, 0x00, 0x00, 0x00, 0x00, 0x00, 0x00, 0x00, 0x00, 0x00, 0x00, 0x00 }, 0x01, { 0x01, 0x00, 0x00, 0x00, 0x00, 0x00, 0x00, 0x00, 0x00, 0x00, 0x01 }, 0x0A, 0x00, 1.0f, 0x02, 0x09, 0x00, 0x00 },
    { 0xFFE0, 0xFFF7, 0x05, 0x00, { 0x09, 0x30, 0x09, 0x31, 0x09, 0x32, 0x09, 0x33, 0x09, 0x34, 0x00, 0x00, 0x00, 0x00, 0x00, 0x00, 0x00, 0x00, 0x00, 0x00 }, 0x07, { 0x01, 0x01, 0x01, 0x02, 0x03, 0x04, 0x05, 0x00, 0x00, 0x00, 0x01 }, 0x09, 0x00, 1.0f, 0x01, 0x03, 0x00, 0x00 },
    { 0xFFE0, 0xFFF7, 0x05, 0x00, { 0x09, 0x26, 0x09, 0x27, 0x09, 0x28, 0x09, 0x29, 0x09, 0x2A, 0x00, 0x00, 0x00, 0x00, 0x00, 0x00, 0x00, 0x00, 0x00, 0x00 }, 0x08, { 0x01, 0x02, 0x03, 0x04, 0x05, 0x04, 0x03, 0x02, 0x00, 0x00, 0x01 }, 0x06, 0x00, 1.0f, 0x01, 0x01, 0x00, 0x00 },
    { 0xFFE0, 0xFFF9, 0x05, 0x00, { 0x09, 0x2B, 0x09, 0x2C, 0x09, 0x2D, 0x0F, 0x7F, 0x0F, 0x80, 0x00, 0x00, 0x00, 0x00, 0x00, 0x00, 0x00, 0x00, 0x00, 0x00 }, 0x08, { 0x01, 0x02, 0x03, 0x04, 0x05, 0x04, 0x03, 0x02, 0x00, 0x00, 0x01 }, 0x07, 0x00, 1.0f, 0x01, 0x01, 0x00, 0x00 },
    { 0xFFE0, 0xFFF7, 0x03, 0x00, { 0x09, 0x35, 0x09, 0x36, 0x09, 0x37, 0x00, 0x00, 0x00, 0x00, 0x00, 0x00, 0x00, 0x00, 0x00, 0x00, 0x00, 0x00, 0x00, 0x00 }, 0x04, { 0x01, 0x01, 0x02, 0x03, 0x00, 0x00, 0x00, 0x00, 0x00, 0x00, 0x01 }, 0x08, 0x00, 1.0f, 0x01, 0x03, 0x00, 0x00 },
    { 0xFFE0, 0xFFF7, 0x02, 0x00, { 0x09, 0x2E, 0x09, 0x2F, 0x00, 0x00, 0x00, 0x00, 0x00, 0x00, 0x00, 0x00, 0x00, 0x00, 0x00, 0x00, 0x00, 0x00, 0x00, 0x00 }, 0x02, { 0x01, 0x02, 0x00, 0x00, 0x00, 0x00, 0x00, 0x00, 0x00, 0x00, 0x01 }, 0x10, 0x00, 1.0f, 0x01, 0x01, 0x00, 0x00 },
    { 0xFFE0, 0xFFF7, 0x01, 0x00, { 0x09, 0x2E, 0x00, 0x00, 0x00, 0x00, 0x00, 0x00, 0x00, 0x00, 0x00, 0x00, 0x00, 0x00, 0x00, 0x00, 0x00, 0x00, 0x00, 0x00 }, 0x01, { 0x01, 0x00, 0x00, 0x00, 0x00, 0x00, 0x00, 0x00, 0x00, 0x00, 0x02 }, 0x10, 0x00, 1.0f, 0x01, 0x01, 0x00, 0x00 },
    { 0xFFE4, 0xFFF8, 0x05, 0x00, { 0x09, 0x38, 0x09, 0x38, 0x09, 0x39, 0x09, 0x39, 0x09, 0x3A, 0x09, 0x3A, 0x09, 0x3B, 0x09, 0x3B, 0x09, 0x3C, 0x09, 0x3C }, 0x05, { 0x01, 0x02, 0x03, 0x04, 0x05, 0x00, 0x00, 0x00, 0x00, 0x00, 0x01 }, 0x08, 0x00, 1.0f, 0x02, 0x09, 0x00, 0x00 },
    { 0x0000, 0x0000, 0x01, 0x00, { 0x09, 0x10, 0x09, 0x0F, 0x00, 0x00, 0x00, 0x00, 0x00, 0x00, 0x00, 0x00, 0x00, 0x00, 0x00, 0x00, 0x00, 0x00, 0x00, 0x00 }, 0x01, { 0x01, 0x02, 0x03, 0x04, 0x05, 0x00, 0x00, 0x00, 0x00, 0x00, 0x01 }, 0x08, 0x00, 1.0f, 0x02, 0x01, 0x00, 0x00 },
    { 0x0000, 0x0000, 0x05, 0x00, { 0x09, 0x30, 0x09, 0x31, 0x09, 0x32, 0x09, 0x33, 0x09, 0x34, 0x00, 0x00, 0x00, 0x00, 0x00, 0x00, 0x00, 0x00, 0x00, 0x00 }, 0x07, { 0x01, 0x01, 0x01, 0x02, 0x03, 0x04, 0x05, 0x00, 0x00, 0x00, 0x01 }, 0x09, 0x00, 2.0f, 0x01, 0x03, 0x00, 0x00 },
    { 0x0000, 0x0000, 0x05, 0x00, { 0x09, 0x26, 0x09, 0x27, 0x09, 0x28, 0x09, 0x29, 0x09, 0x2A, 0x00, 0x00, 0x00, 0x00, 0x00, 0x00, 0x00, 0x00, 0x00, 0x00 }, 0x05, { 0x01, 0x02, 0x03, 0x04, 0x05, 0x00, 0x00, 0x00, 0x00, 0x00, 0x01 }, 0x06, 0x00, 2.0f, 0x01, 0x01, 0x00, 0x00 },
    { 0x0000, 0x0000, 0x03, 0x00, { 0x09, 0x35, 0x09, 0x36, 0x09, 0x37, 0x00, 0x00, 0x00, 0x00, 0x00, 0x00, 0x00, 0x00, 0x00, 0x00, 0x00, 0x00, 0x00, 0x00 }, 0x04, { 0x01, 0x01, 0x02, 0x03, 0x00, 0x00, 0x00, 0x00, 0x00, 0x00, 0x01 }, 0x08, 0x00, 2.0f, 0x01, 0x03, 0x00, 0x00 },
    { 0x0000, 0x0000, 0x02, 0x00, { 0x09, 0x2E, 0x09, 0x2F, 0x00, 0x00, 0x00, 0x00, 0x00, 0x00, 0x00, 0x00, 0x00, 0x00, 0x00, 0x00, 0x00, 0x00, 0x00, 0x00 }, 0x02, { 0x01, 0x02, 0x00, 0x00, 0x00, 0x00, 0x00, 0x00, 0x00, 0x00, 0x01 }, 0x10, 0x00, 2.0f, 0x01, 0x01, 0x00, 0x00 },
    { 0x00B8, 0xFFFD, 0x01, 0x00, { 0x09, 0x1B, 0x00, 0x00, 0x00, 0x00, 0x00, 0x00, 0x00, 0x00, 0x00, 0x00, 0x00, 0x00, 0x00, 0x00, 0x00, 0x00, 0x00, 0x00 }, 0x01, { 0x01, 0x00, 0x00, 0x00, 0x00, 0x00, 0x00, 0x00, 0x00, 0x00, 0x02 }, 0x10, 0x00, 0.75f, 0x01, 0x00, 0x00, 0x00 },
    { 0x00B8, 0xFFFD, 0x01, 0x00, { 0x09, 0x1B, 0x00, 0x00, 0x00, 0x00, 0x00, 0x00, 0x00, 0x00, 0x00, 0x00, 0x00, 0x00, 0x00, 0x00, 0x00, 0x00, 0x00, 0x00 }, 0x01, { 0x01, 0x00, 0x00, 0x00, 0x00, 0x00, 0x00, 0x00, 0x00, 0x00, 0x01 }, 0x10, 0x00, 0.75f, 0x01, 0x00, 0x00, 0x00 },
    { 0x00B8, 0xFFFD, 0x01, 0x00, { 0x09, 0x1C, 0x00, 0x00, 0x00, 0x00, 0x00, 0x00, 0x00, 0x00, 0x00, 0x00, 0x00, 0x00, 0x00, 0x00, 0x00, 0x00, 0x00, 0x00 }, 0x01, { 0x01, 0x00, 0x00, 0x00, 0x00, 0x00, 0x00, 0x00, 0x00, 0x00, 0x01 }, 0x10, 0x00, 0.75f, 0x01, 0x00, 0x00, 0x00 },
    { 0x00B8, 0xFFFD, 0x01, 0x00, { 0x09, 0x1D, 0x00, 0x00, 0x00, 0x00, 0x00, 0x00, 0x00, 0x00, 0x00, 0x00, 0x00, 0x00, 0x00, 0x00, 0x00, 0x00, 0x00, 0x00 }, 0x01, { 0x01, 0x00, 0x00, 0x00, 0x00, 0x00, 0x00, 0x00, 0x00, 0x00, 0x01 }, 0x10, 0x00, 0.75f, 0x01, 0x00, 0x00, 0x00 },
    { 0x00B8, 0xFFFD, 0x01, 0x00, { 0x05, 0x72, 0x00, 0x00, 0x00, 0x00, 0x00, 0x00, 0x00, 0x00, 0x00, 0x00, 0x00, 0x00, 0x00, 0x00, 0x00, 0x00, 0x00, 0x00 }, 0x01, { 0x01, 0x00, 0x00, 0x00, 0x00, 0x00, 0x00, 0x00, 0x00, 0x00, 0x01 }, 0x10, 0x00, 0.75f, 0x01, 0x00, 0x00, 0x00 },
    { 0x0000, 0x0000, 0x05, 0x00, { 0x09, 0xDC, 0x09, 0xDB, 0x09, 0xDE, 0x09, 0xDD, 0x09, 0xE0, 0x09, 0xDF, 0x09, 0xE2, 0x09, 0xE1, 0x09, 0xE4, 0x09, 0xE3 }, 0x05, { 0x01, 0x02, 0x03, 0x04, 0x05, 0x00, 0x00, 0x00, 0x00, 0x00, 0x01 }, 0x08, 0x00, 1.0f, 0x02, 0x01, 0x00, 0x00 },
    { 0x0000, 0x0000, 0x01, 0x00, { 0x0A, 0x97, 0x09, 0x1E, 0x00, 0x00, 0x00, 0x00, 0x00, 0x00, 0x00, 0x00, 0x00, 0x00, 0x00, 0x00, 0x00, 0x00, 0x00, 0x00 }, 0x01, { 0x01, 0x00, 0x00, 0x00, 0x00, 0x00, 0x00, 0x00, 0x00, 0x00, 0x01 }, 0x08, 0x00, 1.0f, 0x02, 0x01, 0x00, 0x00 },
    { 0x0000, 0x0000, 0x05, 0x00, { 0x09, 0x5D, 0x09, 0x5C, 0x09, 0x5F, 0x09, 0x5E, 0x09, 0x61, 0x09, 0x60, 0x09, 0x63, 0x09, 0x62, 0x09, 0x65, 0x09, 0x64 }, 0x05, { 0x01, 0x02, 0x03, 0x04, 0x05, 0x00, 0x00, 0x00, 0x00, 0x00, 0x01 }, 0x08, 0x00, 1.0f, 0x02, 0x01, 0x00, 0x00 },
    { 0x0000, 0x0000, 0x01, 0x00, { 0x05, 0x65, 0x05, 0x64, 0x00, 0x00, 0x00, 0x00, 0x00, 0x00, 0x00, 0x00, 0x00, 0x00, 0x00, 0x00, 0x00, 0x00, 0x00, 0x00 }, 0x01, { 0x01, 0x00, 0x00, 0x00, 0x00, 0x00, 0x00, 0x00, 0x00, 0x00, 0x01 }, 0x08, 0x00, 1.0f, 0x02, 0x01, 0x00, 0x00 },
    { 0x0000, 0x0000, 0x01, 0x00, { 0x09, 0xD6, 0x09, 0xD5, 0x00, 0x00, 0x00, 0x00, 0x00, 0x00, 0x00, 0x00, 0x00, 0x00, 0x00, 0x00, 0x00, 0x00, 0x00, 0x00 }, 0x01, { 0x01, 0x00, 0x00, 0x00, 0x00, 0x00, 0x00, 0x00, 0x00, 0x00, 0x01 }, 0x08, 0x00, 1.0f, 0x02, 0x01, 0x00, 0x00 },
    { 0x0000, 0x0000, 0x01, 0x00, { 0x09, 0xD8, 0x09, 0xD7, 0x00, 0x00, 0x00, 0x00, 0x00, 0x00, 0x00, 0x00, 0x00, 0x00, 0x00, 0x00, 0x00, 0x00, 0x00, 0x00 }, 0x01, { 0x01, 0x00, 0x00, 0x00, 0x00, 0x00, 0x00, 0x00, 0x00, 0x00, 0x01 }, 0x08, 0x00, 1.0f, 0x02, 0x01, 0x00, 0x00 },
    { 0x0000, 0x0000, 0x01, 0x00, { 0x05, 0x5E, 0x05, 0x5D, 0x00, 0x00, 0x00, 0x00, 0x00, 0x00, 0x00, 0x00, 0x00, 0x00, 0x00, 0x00, 0x00, 0x00, 0x00, 0x00 }, 0x01, { 0x01, 0x00, 0x00, 0x00, 0x00, 0x00, 0x00, 0x00, 0x00, 0x00, 0x01 }, 0x08, 0x00, 1.0f, 0x02, 0x01, 0x00, 0x00 },
    { 0x0000, 0x0000, 0x01, 0x00, { 0x05, 0x5E, 0x05, 0x5D, 0x00, 0x00, 0x00, 0x00, 0x00, 0x00, 0x00, 0x00, 0x00, 0x00, 0x00, 0x00, 0x00, 0x00, 0x00, 0x00 }, 0x01, { 0x01, 0x00, 0x00, 0x00, 0x00, 0x00, 0x00, 0x00, 0x00, 0x00, 0x01 }, 0x08, 0x00, 1.0f, 0x02, 0x01, 0x00, 0x00 },
    { 0x0000, 0x0000, 0x05, 0x00, { 0x09, 0x30, 0x09, 0x31, 0x09, 0x32, 0x09, 0x33, 0x09, 0x34, 0x00, 0x00, 0x00, 0x00, 0x00, 0x00, 0x00, 0x00, 0x00, 0x00 }, 0x07, { 0x01, 0x01, 0x01, 0x02, 0x03, 0x04, 0x05, 0x00, 0x00, 0x00, 0x01 }, 0x0C, 0x00, 2.0f, 0x01, 0x03, 0x00, 0x00 },
    { 0x0000, 0x0000, 0x01, 0x00, { 0x05, 0x74, 0x05, 0x73, 0x00, 0x00, 0x00, 0x00, 0x00, 0x00, 0x00, 0x00, 0x00, 0x00, 0x00, 0x00, 0x00, 0x00, 0x00, 0x00 }, 0x01, { 0x01, 0x00, 0x00, 0x00, 0x00, 0x00, 0x00, 0x00, 0x00, 0x00, 0x01 }, 0x08, 0x00, 1.0f, 0x02, 0x01, 0x00, 0x00 },
    { 0x0000, 0x0000, 0x01, 0x00, { 0x09, 0xDA, 0x09, 0xD9, 0x00, 0x00, 0x00, 0x00, 0x00, 0x00, 0x00, 0x00, 0x00, 0x00, 0x00, 0x00, 0x00, 0x00, 0x00, 0x00 }, 0x02, { 0x01, 0x01, 0x00, 0x00, 0x00, 0x00, 0x00, 0x00, 0x00, 0x00, 0x01 }, 0x18, 0x00, 1.0f, 0x02, 0x01, 0x00, 0x00 },
    { 0xFFD4, 0xFFF8, 0x01, 0x00, { 0x09, 0x10, 0x09, 0x0F, 0x00, 0x00, 0x00, 0x00, 0x00, 0x00, 0x00, 0x00, 0x00, 0x00, 0x00, 0x00, 0x00, 0x00, 0x00, 0x00 }, 0x01, { 0x01, 0x00, 0x00, 0x00, 0x00, 0x00, 0x00, 0x00, 0x00, 0x00, 0x01 }, 0x08, 0x00, 0.61f, 0x02, 0x01, 0x00, 0x00 },
    { 0xFFD4, 0xFFF8, 0x01, 0x00, { 0x05, 0x71, 0x05, 0x70, 0x00, 0x00, 0x00, 0x00, 0x00, 0x00, 0x00, 0x00, 0x00, 0x00, 0x00, 0x00, 0x00, 0x00, 0x00, 0x00 }, 0x01, { 0x01, 0x00, 0x00, 0x00, 0x00, 0x00, 0x00, 0x00, 0x00, 0x00, 0x01 }, 0x08, 0x00, 0.61f, 0x02, 0x01, 0x00, 0x00 },
    { 0xFFD4, 0xFFF8, 0x01, 0x00, { 0x09, 0x18, 0x09, 0x17, 0x00, 0x00, 0x00, 0x00, 0x00, 0x00, 0x00, 0x00, 0x00, 0x00, 0x00, 0x00, 0x00, 0x00, 0x00, 0x00 }, 0x01, { 0x01, 0x00, 0x00, 0x00, 0x00, 0x00, 0x00, 0x00, 0x00, 0x00, 0x01 }, 0x08, 0x00, 0.61f, 0x02, 0x01, 0x00, 0x00 },
    { 0xFFD4, 0xFFF8, 0x01, 0x00, { 0x09, 0x0C, 0x09, 0x0B, 0x00, 0x00, 0x00, 0x00, 0x00, 0x00, 0x00, 0x00, 0x00, 0x00, 0x00, 0x00, 0x00, 0x00, 0x00, 0x00 }, 0x01, { 0x01, 0x00, 0x00, 0x00, 0x00, 0x00, 0x00, 0x00, 0x00, 0x00, 0x01 }, 0x08, 0x00, 0.61f, 0x02, 0x01, 0x00, 0x00 },
    { 0xFFD4, 0xFFF8, 0x01, 0x00, { 0x07, 0x0A, 0x07, 0x09, 0x00, 0x00, 0x00, 0x00, 0x00, 0x00, 0x00, 0x00, 0x00, 0x00, 0x00, 0x00, 0x00, 0x00, 0x00, 0x00 }, 0x01, { 0x01, 0x00, 0x00, 0x00, 0x00, 0x00, 0x00, 0x00, 0x00, 0x00, 0x01 }, 0x08, 0x00, 0.61f, 0x02, 0x01, 0x00, 0x00 },
    { 0xFFD4, 0xFFF8, 0x01, 0x00, { 0x07, 0x72, 0x07, 0x13, 0x00, 0x00, 0x00, 0x00, 0x00, 0x00, 0x00, 0x00, 0x00, 0x00, 0x00, 0x00, 0x00, 0x00, 0x00, 0x00 }, 0x01, { 0x01, 0x00, 0x00, 0x00, 0x00, 0x00, 0x00, 0x00, 0x00, 0x00, 0x01 }, 0x08, 0x00, 0.61f, 0x02, 0x01, 0x00, 0x00 },
    { 0xFFD4, 0xFFF8, 0x01, 0x00, { 0x00, 0x00, 0x00, 0x00, 0x00, 0x00, 0x00, 0x00, 0x00, 0x00, 0x00, 0x00, 0x00, 0x00, 0x00, 0x00, 0x00, 0x00, 0x00, 0x00 }, 0x01, { 0x01, 0x00, 0x00, 0x00, 0x00, 0x00, 0x00, 0x00, 0x00, 0x00, 0x01 }, 0x08, 0x00, 0.61f, 0x02, 0x01, 0x00, 0x00 },
    { 0xFFD4, 0xFFF8, 0x01, 0x00, { 0x00, 0x00, 0x00, 0x00, 0x00, 0x00, 0x00, 0x00, 0x00, 0x00, 0x00, 0x00, 0x00, 0x00, 0x00, 0x00, 0x00, 0x00, 0x00, 0x00 }, 0x01, { 0x01, 0x00, 0x00, 0x00, 0x00, 0x00, 0x00, 0x00, 0x00, 0x00, 0x01 }, 0x08, 0x00, 0.61f, 0x02, 0x01, 0x00, 0x00 },
    { 0xFFD4, 0xFFF8, 0x01, 0x00, { 0x09, 0x12, 0x09, 0x11, 0x00, 0x00, 0x00, 0x00, 0x00, 0x00, 0x00, 0x00, 0x00, 0x00, 0x00, 0x00, 0x00, 0x00, 0x00, 0x00 }, 0x01, { 0x01, 0x00, 0x00, 0x00, 0x00, 0x00, 0x00, 0x00, 0x00, 0x00, 0x01 }, 0x08, 0x00, 0.61f, 0x02, 0x01, 0x00, 0x00 },
    { 0xFFD4, 0xFFF8, 0x01, 0x00, { 0x09, 0x16, 0x09, 0x15, 0x00, 0x00, 0x00, 0x00, 0x00, 0x00, 0x00, 0x00, 0x00, 0x00, 0x00, 0x00, 0x00, 0x00, 0x00, 0x00 }, 0x01, { 0x01, 0x00, 0x00, 0x00, 0x00, 0x00, 0x00, 0x00, 0x00, 0x00, 0x01 }, 0x08, 0x00, 0.61f, 0x02, 0x01, 0x00, 0x00 },
    { 0xFFD4, 0xFFF8, 0x01, 0x00, { 0x09, 0x0A, 0x09, 0x09, 0x00, 0x00, 0x00, 0x00, 0x00, 0x00, 0x00, 0x00, 0x00, 0x00, 0x00, 0x00, 0x00, 0x00, 0x00, 0x00 }, 0x01, { 0x01, 0x00, 0x00, 0x00, 0x00, 0x00, 0x00, 0x00, 0x00, 0x00, 0x01 }, 0x08, 0x00, 0.61f, 0x02, 0x01, 0x00, 0x00 },
    { 0xFFD4, 0xFFF8, 0x01, 0x00, { 0x00, 0x00, 0x00, 0x00, 0x00, 0x00, 0x00, 0x00, 0x00, 0x00, 0x00, 0x00, 0x00, 0x00, 0x00, 0x00, 0x00, 0x00, 0x00, 0x00 }, 0x01, { 0x01, 0x00, 0x00, 0x00, 0x00, 0x00, 0x00, 0x00, 0x00, 0x00, 0x01 }, 0x08, 0x00, 0.61f, 0x02, 0x01, 0x00, 0x00 },
    { 0xFFD4, 0xFFF8, 0x01, 0x00, { 0x00, 0x00, 0x00, 0x00, 0x00, 0x00, 0x00, 0x00, 0x00, 0x00, 0x00, 0x00, 0x00, 0x00, 0x00, 0x00, 0x00, 0x00, 0x00, 0x00 }, 0x01, { 0x01, 0x00, 0x00, 0x00, 0x00, 0x00, 0x00, 0x00, 0x00, 0x00, 0x01 }, 0x08, 0x00, 0.61f, 0x02, 0x01, 0x00, 0x00 },
    { 0xFFD4, 0xFFF8, 0x01, 0x00, { 0x09, 0x0E, 0x09, 0x0D, 0x00, 0x00, 0x00, 0x00, 0x00, 0x00, 0x00, 0x00, 0x00, 0x00, 0x00, 0x00, 0x00, 0x00, 0x00, 0x00 }, 0x01, { 0x01, 0x00, 0x00, 0x00, 0x00, 0x00, 0x00, 0x00, 0x00, 0x00, 0x01 }, 0x08, 0x00, 0.61f, 0x02, 0x01, 0x00, 0x00 },
    { 0xFFD4, 0xFFF8, 0x01, 0x00, { 0x09, 0x08, 0x09, 0x07, 0x00, 0x00, 0x00, 0x00, 0x00, 0x00, 0x00, 0x00, 0x00, 0x00, 0x00, 0x00, 0x00, 0x00, 0x00, 0x00 }, 0x01, { 0x01, 0x00, 0x00, 0x00, 0x00, 0x00, 0x00, 0x00, 0x00, 0x00, 0x01 }, 0x08, 0x00, 0.61f, 0x02, 0x01, 0x00, 0x00 },
    { 0xFFD4, 0xFFF8, 0x01, 0x00, { 0x09, 0x1A, 0x09, 0x19, 0x00, 0x00, 0x00, 0x00, 0x00, 0x00, 0x00, 0x00, 0x00, 0x00, 0x00, 0x00, 0x00, 0x00, 0x00, 0x00 }, 0x01, { 0x01, 0x00, 0x00, 0x00, 0x00, 0x00, 0x00, 0x00, 0x00, 0x00, 0x01 }, 0x08, 0x00, 0.61f, 0x02, 0x01, 0x00, 0x00 },
    { 0xFFD4, 0xFFF8, 0x01, 0x00, { 0x07, 0x12, 0x07, 0x11, 0x00, 0x00, 0x00, 0x00, 0x00, 0x00, 0x00, 0x00, 0x00, 0x00, 0x00, 0x00, 0x00, 0x00, 0x00, 0x00 }, 0x01, { 0x01, 0x00, 0x00, 0x00, 0x00, 0x00, 0x00, 0x00, 0x00, 0x00, 0x01 }, 0x08, 0x00, 0.61f, 0x02, 0x01, 0x00, 0x00 },
    { 0x0000, 0x0000, 0x01, 0x00, { 0x09, 0x1F, 0x00, 0x00, 0x00, 0x00, 0x00, 0x00, 0x00, 0x00, 0x00, 0x00, 0x00, 0x00, 0x00, 0x00, 0x00, 0x00, 0x00, 0x00 }, 0x01, { 0x01, 0x00, 0x00, 0x00, 0x00, 0x00, 0x00, 0x00, 0x00, 0x00, 0x01 }, 0x08, 0x00, 1.0f, 0x01, 0x01, 0x00, 0x00 },
    { 0xFFE0, 0xFFFA, 0x01, 0x00, { 0x09, 0x1B, 0x00, 0x00, 0x00, 0x00, 0x00, 0x00, 0x00, 0x00, 0x00, 0x00, 0x00, 0x00, 0x00, 0x00, 0x00, 0x00, 0x00, 0x00 }, 0x01, { 0x01, 0x00, 0x00, 0x00, 0x00, 0x00, 0x00, 0x00, 0x00, 0x00, 0x01 }, 0x10, 0x00, 1.0f, 0x01, 0x00, 0x00, 0x00 },
    { 0xFFE0, 0xFFFA, 0x01, 0x00, { 0x09, 0x1C, 0x00, 0x00, 0x00, 0x00, 0x00, 0x00, 0x00, 0x00, 0x00, 0x00, 0x00, 0x00, 0x00, 0x00, 0x00, 0x00, 0x00, 0x00 }, 0x01, { 0x01, 0x00, 0x00, 0x00, 0x00, 0x00, 0x00, 0x00, 0x00, 0x00, 0x01 }, 0x10, 0x00, 1.0f, 0x01, 0x00, 0x00, 0x00 },
    { 0xFFE0, 0xFFFA, 0x01, 0x00, { 0x09, 0x1D, 0x00, 0x00, 0x00, 0x00, 0x00, 0x00, 0x00, 0x00, 0x00, 0x00, 0x00, 0x00, 0x00, 0x00, 0x00, 0x00, 0x00, 0x00 }, 0x01, { 0x01, 0x00, 0x00, 0x00, 0x00, 0x00, 0x00, 0x00, 0x00, 0x00, 0x01 }, 0x10, 0x00, 1.0f, 0x01, 0x00, 0x00, 0x00 },
    { 0xFFE0, 0xFFFA, 0x01, 0x00, { 0x05, 0x72, 0x00, 0x00, 0x00, 0x00, 0x00, 0x00, 0x00, 0x00, 0x00, 0x00, 0x00, 0x00, 0x00, 0x00, 0x00, 0x00, 0x00, 0x00 }, 0x01, { 0x01, 0x00, 0x00, 0x00, 0x00, 0x00, 0x00, 0x00, 0x00, 0x00, 0x01 }, 0x10, 0x00, 1.0f, 0x01, 0x00, 0x00, 0x00 },
    { 0x0000, 0x0000, 0x01, 0x00, { 0x02, 0xE4, 0x02, 0xE3, 0x00, 0x00, 0x00, 0x00, 0x00, 0x00, 0x00, 0x00, 0x00, 0x00, 0x00, 0x00, 0x00, 0x00, 0x00, 0x00 }, 0x01, { 0x01, 0x00, 0x00, 0x00, 0x00, 0x00, 0x00, 0x00, 0x00, 0x00, 0x01 }, 0x08, 0x00, 1.0f, 0x02, 0x01, 0x00, 0x00 },
    { 0x0000, 0x0000, 0x01, 0x00, { 0x09, 0x10, 0x09, 0x0F, 0x00, 0x00, 0x00, 0x00, 0x00, 0x00, 0x00, 0x00, 0x00, 0x00, 0x00, 0x00, 0x00, 0x00, 0x00, 0x00 }, 0x01, { 0x01, 0x00, 0x00, 0x00, 0x00, 0x00, 0x00, 0x00, 0x00, 0x00, 0x01 }, 0x08, 0x00, 1.0f, 0x02, 0x01, 0x00, 0x00 },
    { 0x0000, 0x0000, 0x01, 0x00, { 0x05, 0x71, 0x05, 0x70, 0x00, 0x00, 0x00, 0x00, 0x00, 0x00, 0x00, 0x00, 0x00, 0x00, 0x00, 0x00, 0x00, 0x00, 0x00, 0x00 }, 0x01, { 0x01, 0x00, 0x00, 0x00, 0x00, 0x00, 0x00, 0x00, 0x00, 0x00, 0x01 }, 0x08, 0x00, 1.0f, 0x02, 0x01, 0x00, 0x00 },
    { 0x0000, 0x0000, 0x01, 0x00, { 0x09, 0x18, 0x09, 0x17, 0x00, 0x00, 0x00, 0x00, 0x00, 0x00, 0x00, 0x00, 0x00, 0x00, 0x00, 0x00, 0x00, 0x00, 0x00, 0x00 }, 0x01, { 0x01, 0x00, 0x00, 0x00, 0x00, 0x00, 0x00, 0x00, 0x00, 0x00, 0x01 }, 0x08, 0x00, 1.0f, 0x02, 0x01, 0x00, 0x00 },
    { 0x0000, 0x0000, 0x01, 0x00, { 0x09, 0x0C, 0x09, 0x0B, 0x00, 0x00, 0x00, 0x00, 0x00, 0x00, 0x00, 0x00, 0x00, 0x00, 0x00, 0x00, 0x00, 0x00, 0x00, 0x00 }, 0x01, { 0x01, 0x00, 0x00, 0x00, 0x00, 0x00, 0x00, 0x00, 0x00, 0x00, 0x01 }, 0x08, 0x00, 1.0f, 0x02, 0x01, 0x00, 0x00 },
    { 0x0000, 0x0000, 0x01, 0x00, { 0x07, 0x0A, 0x07, 0x09, 0x00, 0x00, 0x00, 0x00, 0x00, 0x00, 0x00, 0x00, 0x00, 0x00, 0x00, 0x00, 0x00, 0x00, 0x00, 0x00 }, 0x01, { 0x01, 0x00, 0x00, 0x00, 0x00, 0x00, 0x00, 0x00, 0x00, 0x00, 0x01 }, 0x08, 0x00, 1.0f, 0x02, 0x01, 0x00, 0x00 },
    { 0x0000, 0x0000, 0x01, 0x00, { 0x07, 0x72, 0x07, 0x13, 0x00, 0x00, 0x00, 0x00, 0x00, 0x00, 0x00, 0x00, 0x00, 0x00, 0x00, 0x00, 0x00, 0x00, 0x00, 0x00 }, 0x01, { 0x01, 0x00, 0x00, 0x00, 0x00, 0x00, 0x00, 0x00, 0x00, 0x00, 0x01 }, 0x08, 0x00, 1.0f, 0x02, 0x01, 0x00, 0x00 },
    { 0x0000, 0x0000, 0x01, 0x00, { 0x00, 0x00, 0x00, 0x00, 0x00, 0x00, 0x00, 0x00, 0x00, 0x00, 0x00, 0x00, 0x00, 0x00, 0x00, 0x00, 0x00, 0x00, 0x00, 0x00 }, 0x01, { 0x01, 0x00, 0x00, 0x00, 0x00, 0x00, 0x00, 0x00, 0x00, 0x00, 0x01 }, 0x08, 0x00, 1.0f, 0x02, 0x01, 0x00, 0x00 },
    { 0x0000, 0x0000, 0x01, 0x00, { 0x00, 0x00, 0x00, 0x00, 0x00, 0x00, 0x00, 0x00, 0x00, 0x00, 0x00, 0x00, 0x00, 0x00, 0x00, 0x00, 0x00, 0x00, 0x00, 0x00 }, 0x01, { 0x01, 0x00, 0x00, 0x00, 0x00, 0x00, 0x00, 0x00, 0x00, 0x00, 0x01 }, 0x08, 0x00, 1.0f, 0x02, 0x01, 0x00, 0x00 },
    { 0x0000, 0x0000, 0x01, 0x00, { 0x09, 0x12, 0x09, 0x11, 0x00, 0x00, 0x00, 0x00, 0x00, 0x00, 0x00, 0x00, 0x00, 0x00, 0x00, 0x00, 0x00, 0x00, 0x00, 0x00 }, 0x01, { 0x01, 0x00, 0x00, 0x00, 0x00, 0x00, 0x00, 0x00, 0x00, 0x00, 0x01 }, 0x08, 0x00, 1.0f, 0x02, 0x01, 0x00, 0x00 },
    { 0x0000, 0x0000, 0x01, 0x00, { 0x09, 0x16, 0x09, 0x15, 0x00, 0x00, 0x00, 0x00, 0x00, 0x00, 0x00, 0x00, 0x00, 0x00, 0x00, 0x00, 0x00, 0x00, 0x00, 0x00 }, 0x01, { 0x01, 0x00, 0x00, 0x00, 0x00, 0x00, 0x00, 0x00, 0x00, 0x00, 0x01 }, 0x08, 0x00, 1.0f, 0x02, 0x01, 0x00, 0x00 },
    { 0x0000, 0x0000, 0x01, 0x00, { 0x09, 0x0A, 0x09, 0x09, 0x00, 0x00, 0x00, 0x00, 0x00, 0x00, 0x00, 0x00, 0x00, 0x00, 0x00, 0x00, 0x00, 0x00, 0x00, 0x00 }, 0x01, { 0x01, 0x00, 0x00, 0x00, 0x00, 0x00, 0x00, 0x00, 0x00, 0x00, 0x01 }, 0x08, 0x00, 1.0f, 0x02, 0x01, 0x00, 0x00 },
    { 0x0000, 0x0000, 0x01, 0x00, { 0x00, 0x00, 0x00, 0x00, 0x00, 0x00, 0x00, 0x00, 0x00, 0x00, 0x00, 0x00, 0x00, 0x00, 0x00, 0x00, 0x00, 0x00, 0x00, 0x00 }, 0x01, { 0x01, 0x00, 0x00, 0x00, 0x00, 0x00, 0x00, 0x00, 0x00, 0x00, 0x01 }, 0x08, 0x00, 1.0f, 0x02, 0x01, 0x00, 0x00 },
    { 0x0000, 0x0000, 0x01, 0x00, { 0x00, 0x00, 0x00, 0x00, 0x00, 0x00, 0x00, 0x00, 0x00, 0x00, 0x00, 0x00, 0x00, 0x00, 0x00, 0x00, 0x00, 0x00, 0x00, 0x00 }, 0x01, { 0x01, 0x00, 0x00, 0x00, 0x00, 0x00, 0x00, 0x00, 0x00, 0x00, 0x01 }, 0x08, 0x00, 1.0f, 0x02, 0x01, 0x00, 0x00 },
    { 0x0000, 0x0000, 0x01, 0x00, { 0x09, 0x0E, 0x09, 0x0D, 0x00, 0x00, 0x00, 0x00, 0x00, 0x00, 0x00, 0x00, 0x00, 0x00, 0x00, 0x00, 0x00, 0x00, 0x00, 0x00 }, 0x01, { 0x01, 0x00, 0x00, 0x00, 0x00, 0x00, 0x00, 0x00, 0x00, 0x00, 0x01 }, 0x08, 0x00, 1.0f, 0x02, 0x01, 0x00, 0x00 },
    { 0x0000, 0x0000, 0x01, 0x00, { 0x09, 0x08, 0x09, 0x07, 0x00, 0x00, 0x00, 0x00, 0x00, 0x00, 0x00, 0x00, 0x00, 0x00, 0x00, 0x00, 0x00, 0x00, 0x00, 0x00 }, 0x01, { 0x01, 0x00, 0x00, 0x00, 0x00, 0x00, 0x00, 0x00, 0x00, 0x00, 0x01 }, 0x08, 0x00, 1.0f, 0x02, 0x01, 0x00, 0x00 },
    { 0x0000, 0x0000, 0x01, 0x00, { 0x09, 0x1A, 0x09, 0x19, 0x00, 0x00, 0x00, 0x00, 0x00, 0x00, 0x00, 0x00, 0x00, 0x00, 0x00, 0x00, 0x00, 0x00, 0x00, 0x00 }, 0x01, { 0x01, 0x00, 0x00, 0x00, 0x00, 0x00, 0x00, 0x00, 0x00, 0x00, 0x01 }, 0x08, 0x00, 1.0f, 0x02, 0x01, 0x00, 0x00 },
    { 0x0000, 0x0000, 0x01, 0x00, { 0x07, 0x12, 0x07, 0x11, 0x00, 0x00, 0x00, 0x00, 0x00, 0x00, 0x00, 0x00, 0x00, 0x00, 0x00, 0x00, 0x00, 0x00, 0x00, 0x00 }, 0x01, { 0x01, 0x00, 0x00, 0x00, 0x00, 0x00, 0x00, 0x00, 0x00, 0x00, 0x01 }, 0x08, 0x00, 1.0f, 0x02, 0x01, 0x00, 0x00 },
    { 0x0000, 0x0000, 0x01, 0x00, { 0x0D, 0x44, 0x0D, 0x43, 0x00, 0x00, 0x00, 0x00, 0x00, 0x00, 0x00, 0x00, 0x00, 0x00, 0x00, 0x00, 0x00, 0x00, 0x00, 0x00 }, 0x01, { 0x01, 0x00, 0x00, 0x00, 0x00, 0x00, 0x00, 0x00, 0x00, 0x00, 0x01 }, 0x08, 0x00, 1.0f, 0x02, 0x01, 0x00, 0x00 }
};


struct S_8020C070 D_hd_code_802F5804[474] = {
  { 0x0020, 0x0038, 0x0030, 0x0018, 0x0018, 0x0000, "SELECT OPTION", 0x80301B98, 0x00, 0x00, 0x001E, 0x07, 0x00, 0x00, 0x00 },
  { 0x0061, 0x0050, 0x0052, 0x0014, 0x0014, 0x0000, "MORE", 0x80301BD4, 0x00, 0x00, 0x001E, 0x07, 0x04, 0x00, 0x00 },
  { 0x0061, 0x0050, 0x0066, 0x0014, 0x0014, 0x0000, "VIEW STATS", 0x80301BA8, 0x00, 0x00, 0x001E, 0x07, 0x04, 0x00, 0x00 },
  { 0x0061, 0x0050, 0x007A, 0x0014, 0x0014, 0x0000, "RESTART", 0x80301BC0, 0x00, 0x00, 0x001E, 0x07, 0x04, 0x00, 0x00 },
  { 0x0061, 0x0050, 0x008E, 0x0014, 0x0014, 0x0000, "QUIT LEVEL", 0x80301BCC, 0x00, 0x00, 0x001E, 0x07, 0x04, 0x00, 0x00 },
  { 0x0020, 0x0038, 0x0030, 0x0018, 0x0018, 0x0000, "SELECT OPTION", 0x80301B98, 0x00, 0x00, 0x001E, 0x07, 0x00, 0x00, 0x00 },
  { 0x0071, 0x0050, 0x0052, 0x0014, 0x0014, 0x0000, "CONTINUE", 0x80301BA0, 0x00, 0x00, 0x001E, 0x07, 0x04, 0x00, 0x00 },
  { 0x0061, 0x0050, 0x0066, 0x0014, 0x0014, 0x0000, "CONTROL MODE", 0x80301BB4, 0x00, 0x00, 0x001E, 0x07, 0x04, 0x00, 0x00 },
  { 0x0061, 0x0050, 0x007A, 0x0014, 0x0014, 0x0000, "MISSION BRIEFING", 0x80301BE0, 0x00, 0x00, 0x001E, 0x07, 0x04, 0x00, 0x00 },
  { 0x0061, 0x0050, 0x008E, 0x0014, 0x0014, 0x0000, "MUSIC VOLUME", 0x80301BF4, 0x00, 0x00, 0x001E, 0x07, 0x04, 0x00, 0x00 },
  { 0x0024, 0x0020, 0x0006, 0x0014, 0x0014, 0x0000, "COLLISION IMMINENT!", 0x80301C04, 0x00, 0x00, 0x001E, 0x11, 0x04, 0x00, 0x00 },
  { 0x0024, 0x0034, 0x0006, 0x0014, 0x0014, 0x0000, "WARNING!", 0x80301C14, 0x00, 0x00, 0x001E, 0x11, 0x04, 0x00, 0x00 },
  { 0x0020, 0x0020, 0x0028, 0x0014, 0x0014, 0x0000, "REACTOR MELTDOWN!", 0x80301C24, 0x00, 0x00, 0x001E, 0x0C, 0x06, 0x00, 0x00 },
  { 0x0024, 0x002C, 0x0040, 0x0014, 0x0014, 0x0000, "ABORTING MISSION", 0x80301C30, 0x00, 0x00, 0x001E, 0x12, 0x04, 0x00, 0x00 },
  { 0x0020, 0x002C, 0x0028, 0x0014, 0x0014, 0x0000, "CONGRATULATIONS!", 0x80301C40, 0x00, 0x00, 0x001E, 0x10, 0x06, 0x00, 0x00 },
  { 0x0024, 0x0028, 0x0040, 0x0014, 0x0014, 0x0000, "MISSION COMPLETE", 0x80301C50, 0x00, 0x00, 0x001E, 0x0E, 0x02, 0x00, 0x00 },
  { 0x00A0, 0x0040, 0x002A, 0x001C, 0x001E, 0x0000, D_hd_code_8036B980, 0x802F4880, 0x00, 0x00, 0x001E, 0x0C, 0x0C, 0x00, 0x00 },
  { 0x00F0, 0x0070, 0x00D2, 0x0018, 0x0018, 0x0000, "PRESS START", 0x00000000, 0x00, 0x00, 0x001E, 0x07, 0x07, 0x00, 0x00 },
  { 0x0400, 0x004C, 0x0060, 0x000F, 0x000F, 0x0000, D_hd_code_8036B9A8, 0x00000000, 0x06, 0x00, 0x0000, 0x16, 0x02, 0x00, 0x00 },
  { 0x0400, 0x00D8, 0x0060, 0x000F, 0x000F, 0x0000, D_hd_code_8036B9C8, 0x00000000, 0x07, 0x00, 0x0000, 0x16, 0x02, 0x00, 0x00 },
  { 0x0400, 0x004C, 0x0080, 0x000F, 0x000F, 0x0000, D_hd_code_8036B9E8, 0x00000000, 0x08, 0x00, 0x0000, 0x16, 0x02, 0x00, 0x00 },
  { 0x0400, 0x00D8, 0x0080, 0x000F, 0x000F, 0x0000, D_hd_code_8036BA08, 0x00000000, 0x09, 0x00, 0x0000, 0x16, 0x02, 0x00, 0x00 },
  { 0x0400, 0x0098, 0x00AA, 0x000F, 0x000F, 0x0000, D_hd_code_8036BA28, 0x00000000, 0x0A, 0x00, 0x0000, 0x16, 0x02, 0x00, 0x00 },
  { 0x0401, 0x003C, 0x00D0, 0x0013, 0x0013, 0x0000, 0x00000000, 0x00000000, 0x02, 0x00, 0x001E, 0x07, 0x04, 0x00, 0x00 },
  { 0x0401, 0x00F8, 0x00D0, 0x0013, 0x0013, 0x0000, 0x00000000, 0x00000000, 0x05, 0x00, 0x001E, 0x07, 0x04, 0x00, 0x00 },
  { 0x00A0, 0x0040, 0x002A, 0x001C, 0x001E, 0x0000, D_hd_code_8036B980, 0x802F4880, 0x00, 0x00, 0x001E, 0x0C, 0x0C, 0x00, 0x00 },
  { 0x00E0, 0x0070, 0x00D2, 0x0018, 0x0018, 0x0000, "", 0x00000000, 0x00, 0x00, 0x001E, 0x07, 0x07, 0x00, 0x00 },
  { 0x0400, 0x0028, 0x006C, 0x000F, 0x000F, 0x0000, 0x00000000, 0x00000000, 0x06, 0x00, 0x0000, 0x16, 0x02, 0x00, 0x00 },
  { 0x0400, 0x00F0, 0x006C, 0x000F, 0x000F, 0x0000, 0x00000000, 0x00000000, 0x06, 0x00, 0x0000, 0x16, 0x02, 0x00, 0x00 },
  { 0x0400, 0x0028, 0x006C, 0x000F, 0x000F, 0x0000, 0x00000000, 0x00000000, 0x06, 0x00, 0x0000, 0x16, 0x02, 0x00, 0x00 },
  { 0x0400, 0x00F0, 0x006C, 0x000F, 0x000F, 0x0000, 0x00000000, 0x00000000, 0x06, 0x00, 0x0000, 0x16, 0x02, 0x00, 0x00 },
  { 0x01A0, 0x0082, 0x0076, 0x0016, 0x0016, 0x0000, "******MISSION", 0x80301C64, 0x00, 0x00, 0x0000, 0x04, 0x02, 0x00, 0x00 },
  { 0x01A0, 0x0082, 0x008C, 0x0016, 0x0016, 0x0000, "FAILED!*****", 0x80301C70, 0x00, 0x00, 0x0000, 0x04, 0x02, 0x00, 0x00 },
     { 0x0401, 0x003C, 0x00D0, 0x0013, 0x0013, 0x0000, 0x00000000, 0x00000000, 0x02, 0x00, 0x001E, 0x07, 0x04, 0x00, 0x00 },
     { 0x0401, 0x00F8, 0x00D0, 0x0013, 0x0013, 0x0000, 0x00000000, 0x00000000, 0x05, 0x00, 0x001E, 0x07, 0x04, 0x00, 0x00 },
     { 0x0024, 0x0028, 0x0006, 0x0014, 0x0014, 0x0000, 0x00000000, 0x00000000, 0x1E, 0x00, 0x0010, 0x06, 0x00, 0x00, 0x00 },
    { 0x0020, 0x0000, 0x0011, 0x0014, 0x0014, 0x0000, 0x00000000, 0x00000000, 0x00, 0x00, 0x001E, 0x10, 0x06, 0x00, 0x00 },
     { 0x0024, 0x0018, 0x0027, 0x0014, 0x0014, 0x0000, 0x00000000, 0x00000000, 0x00, 0x00, 0x001E, 0x0E, 0x04, 0x00, 0x00 },
     { 0x0020, 0x0000, 0x0016, 0x0018, 0x0018, 0x0000, "SET MUSIC VOLUME", 0x803010A8, 0x00, 0x00, 0x0000, 0x07, 0x07, 0x00, 0x00 },
     { 0x00D1, 0x0034, 0x0036, 0x0016, 0x0016, 0x0000, "QUIET", 0x803010BC, 0x00, 0x00, 0x001E, 0x07, 0x04, 0x00, 0x00 },
    { 0x00D1, 0x00BC, 0x0036, 0x0016, 0x0016, 0x0000, "LOUD", 0x803010C0, 0x00, 0x00, 0x001E, 0x07, 0x04, 0x00, 0x00 },
     { 0x0020, 0x0035, 0x0014, 0x001A, 0x001A, 0x0000, "**MISSION FAILED!**", 0x80301C78, 0x00, 0x00, 0x0000, 0x04, 0x04, 0x00, 0x00 },
     { 0x0024, 0x0028, 0x0006, 0x0014, 0x0014, 0x0000, 0x00000000, 0x00000000, 0x1E, 0x00, 0x0010, 0x06, 0x00, 0x00, 0x00 },
     { 0x10A4, 0x0000, 0xFF6E, 0x0016, 0x0016, 0x0000, "CONGRATULATIONS!!", 0x80301C8C, 0x00, 0x00, 0x001E, 0x12, 0x06, 0x00, 0x00 },
    { 0x10A0, 0x0000, 0x0000, 0x0010, 0x0010, 0x0000, "MIRACULOUSLY, THE SHUTTLE", 0x80301C9C, 0x00, 0x00, 0x001E, 0x06, 0x06, 0x00, 0x00 },
     { 0x10A0, 0x0000, 0x0012, 0x0010, 0x0010, 0x0000, "COMPLETES ITS RETURN", 0x80301CB0, 0x00, 0x00, 0x001E, 0x06, 0x06, 0x00, 0x00 },
     { 0x10A0, 0x0000, 0x0024, 0x0010, 0x0010, 0x0000, "TO EARTH WITHOUT A", 0x80301CC8, 0x00, 0x00, 0x001E, 0x06, 0x06, 0x00, 0x00 },
     { 0x10A0, 0x0000, 0x0036, 0x0010, 0x0010, 0x0000, "SINGLE CASUALTY.", 0x80301CE8, 0x00, 0x00, 0x001E, 0x06, 0x06, 0x00, 0x00 },
    { 0x10A0, 0x0000, 0x0048, 0x0010, 0x0010, 0x0000, 0x00000000, 0x80301CEC, 0x00, 0x00, 0x001E, 0x06, 0x06, 0x00, 0x00 },
     { 0x10A0, 0x0000, 0x005A, 0x0010, 0x0010, 0x0000, 0x00000000, 0x80301CF0, 0x00, 0x00, 0x001E, 0x06, 0x06, 0x00, 0x00 },
     { 0x10A0, 0x0000, 0x006C, 0x0010, 0x0010, 0x0000, "BLAST CORPS HAS COME", 0x80301CF4, 0x00, 0x00, 0x001E, 0x06, 0x06, 0x00, 0x00 },
     { 0x10A0, 0x0000, 0x007E, 0x0010, 0x0010, 0x0000, "THROUGH WITH FLYING", 0x80301D08, 0x00, 0x00, 0x001E, 0x06, 0x06, 0x00, 0x00 },
    { 0x10A0, 0x0000, 0x0090, 0x0010, 0x0010, 0x0000, "COLORS YET AGAIN.", 0x80301D24, 0x00, 0x00, 0x001E, 0x06, 0x06, 0x00, 0x00 },
     { 0x10A0, 0x0000, 0x00A2, 0x0010, 0x0010, 0x0000, 0x00000000, 0x80301D38, 0x00, 0x00, 0x001E, 0x06, 0x06, 0x00, 0x00 },
     { 0x10A0, 0x0000, 0x00B4, 0x0010, 0x0010, 0x0000, 0x00000000, 0x80301D3C, 0x00, 0x00, 0x001E, 0x06, 0x06, 0x00, 0x00 },
     { 0x10A0, 0x0000, 0x00C6, 0x0010, 0x0010, 0x0000, 0x00000000, 0x80301D40, 0x00, 0x00, 0x001E, 0x06, 0x06, 0x00, 0x00 },
    { 0x10A0, 0x0000, 0x00D8, 0x0010, 0x0010, 0x0000, "THEIR POPULARITY GIVEN", 0x80301D44, 0x00, 0x00, 0x001E, 0x06, 0x06, 0x00, 0x00 },
     { 0x10A0, 0x0000, 0x00EA, 0x0010, 0x0010, 0x0000, "A FURTHER BOOST, THE", 0x80301D48, 0x00, 0x00, 0x001E, 0x06, 0x06, 0x00, 0x00 },
     { 0x10A0, 0x0000, 0x00FC, 0x0010, 0x0010, 0x0000, "TEAM FIND NEW OFFERS", 0x80301D64, 0x00, 0x00, 0x001E, 0x06, 0x06, 0x00, 0x00 },
     { 0x10A0, 0x0000, 0x010E, 0x0010, 0x0010, 0x0000, "OF WORK POURING IN -", 0x80301D7C, 0x00, 0x00, 0x001E, 0x06, 0x06, 0x00, 0x00 },
    { 0x10A0, 0x0000, 0x0120, 0x0010, 0x0010, 0x0000, "BUT DECIDE THAT MAYBE,", 0x80301D8C, 0x00, 0x00, 0x001E, 0x06, 0x06, 0x00, 0x00 },
     { 0x10A0, 0x0000, 0x0132, 0x0010, 0x0010, 0x0000, "FOR NOW, IT'S TIME", 0x80301DA4, 0x00, 0x00, 0x001E, 0x06, 0x06, 0x00, 0x00 },
     { 0x10A0, 0x0000, 0x0144, 0x0010, 0x0010, 0x0000, "FOR A HOLIDAY.", 0x80301DC0, 0x00, 0x00, 0x001E, 0x06, 0x06, 0x00, 0x00 },
     { 0x10A0, 0x0000, 0xFF46, 0x0010, 0x0010, 0x0000, "BATTERED AND CRIPPLED AFTER", 0x80301DC4, 0x00, 0x00, 0x001E, 0x06, 0x06, 0x00, 0x00 },
    { 0x10A0, 0x0000, 0xFF58, 0x0010, 0x0010, 0x0000, "ITS LONG VOYAGE, THE LATEST", 0x80301DE0, 0x00, 0x00, 0x001E, 0x06, 0x06, 0x00, 0x00 },
     { 0x10A0, 0x0000, 0xFF6A, 0x0010, 0x0010, 0x0000, "SPACE SHUTTLE IS THROWN OFF", 0x80301DF4, 0x00, 0x00, 0x001E, 0x06, 0x06, 0x00, 0x00 },
     { 0x10A0, 0x0000, 0xFF7C, 0x0010, 0x0010, 0x0000, "COURSE DURING RE-ENTRY AND", 0x80301E0C, 0x00, 0x00, 0x001E, 0x06, 0x06, 0x00, 0x00 },
     { 0x10A0, 0x0000, 0xFF8E, 0x0010, 0x0010, 0x0000, "FORCED INTO DESPERATE", 0x80301E20, 0x00, 0x00, 0x001E, 0x06, 0x06, 0x00, 0x00 },
    { 0x10A0, 0x0000, 0xFFA0, 0x0010, 0x0010, 0x0000, "MEASURES.", 0x80301E38, 0x00, 0x00, 0x001E, 0x06, 0x06, 0x00, 0x00 },
     { 0x10A0, 0x0000, 0xFFB2, 0x0010, 0x0010, 0x0000, 0x00000000, 0x80301E3C, 0x00, 0x00, 0x001E, 0x06, 0x06, 0x00, 0x00 },
     { 0x10A0, 0x0000, 0xFFC4, 0x0010, 0x0010, 0x0000, 0x00000000, 0x80301E40, 0x00, 0x00, 0x001E, 0x06, 0x06, 0x00, 0x00 },
     { 0x10A0, 0x0000, 0xFFD6, 0x0010, 0x0010, 0x0000, 0x00000000, 0x80301E44, 0x00, 0x00, 0x001E, 0x06, 0x06, 0x00, 0x00 },
    { 0x10A0, 0x0000, 0xFFE8, 0x0010, 0x0010, 0x0000, "A MAJOR CITY IS SEIZED BY", 0x80301E48, 0x00, 0x00, 0x001E, 0x06, 0x06, 0x00, 0x00 },
     { 0x10A0, 0x0000, 0xFFFA, 0x0010, 0x0010, 0x0000, "PANIC WHEN THE RESIDENTS", 0x80301E60, 0x00, 0x00, 0x001E, 0x06, 0x06, 0x00, 0x00 },
     { 0x10A0, 0x0000, 0x000C, 0x0010, 0x0010, 0x0000, "FIND OUT THAT THEIR HOMES", 0x80301E7C, 0x00, 0x00, 0x001E, 0x06, 0x06, 0x00, 0x00 },
     { 0x10A0, 0x0000, 0x001E, 0x0010, 0x0010, 0x0000, "ARE ABOUT TO BECOME AN", 0x80301E94, 0x00, 0x00, 0x001E, 0x06, 0x06, 0x00, 0x00 },
    { 0x10A0, 0x0000, 0x0030, 0x0010, 0x0010, 0x0000, "EMERGENCY LANDING STRIP ...", 0x80301E98, 0x00, 0x00, 0x001E, 0x06, 0x06, 0x00, 0x00 },
     { 0x10A0, 0x0000, 0x0042, 0x0010, 0x0010, 0x0000, 0x00000000, 0x80301E9C, 0x00, 0x00, 0x001E, 0x06, 0x06, 0x00, 0x00 },
     { 0x10A0, 0x0000, 0x0054, 0x0010, 0x0010, 0x0000, 0x00000000, 0x80301EA0, 0x00, 0x00, 0x001E, 0x06, 0x06, 0x00, 0x00 },
     { 0x10A0, 0x0000, 0x0066, 0x0010, 0x0010, 0x0000, 0x00000000, 0x80301EA4, 0x00, 0x00, 0x001E, 0x06, 0x06, 0x00, 0x00 },
    { 0x10A0, 0x0000, 0x0078, 0x0010, 0x0010, 0x0000, "TIME IS OF THE ESSENCE AS", 0x80301EC0, 0x00, 0x00, 0x001E, 0x06, 0x06, 0x00, 0x00 },
     { 0x10A0, 0x0000, 0x008A, 0x0010, 0x0010, 0x0000, "BLAST CORPS RISES ONCE", 0x80301ED8, 0x00, 0x00, 0x001E, 0x06, 0x06, 0x00, 0x00 },
     { 0x10A0, 0x0000, 0x009C, 0x0010, 0x0010, 0x0000, "MORE TO THE CHALLENGE.", 0x80301EF0, 0x00, 0x00, 0x001E, 0x06, 0x06, 0x00, 0x00 },
     { 0x10A0, 0x0000, 0x00AE, 0x0010, 0x0010, 0x0000, 0x00000000, 0x80301EF4, 0x00, 0x00, 0x001E, 0x06, 0x06, 0x00, 0x00 },
    { 0x10A0, 0x0000, 0x00C0, 0x0010, 0x0010, 0x0000, 0x00000000, 0x80301EF8, 0x00, 0x00, 0x001E, 0x06, 0x06, 0x00, 0x00 },
     { 0x10A0, 0x0000, 0x00D2, 0x0010, 0x0010, 0x0000, 0x00000000, 0x80301EFC, 0x00, 0x00, 0x001E, 0x06, 0x06, 0x00, 0x00 },
     { 0x10A0, 0x0000, 0x00E4, 0x0010, 0x0010, 0x0000, "EVEN AS THE SHUTTLE", 0x80301F00, 0x00, 0x00, 0x001E, 0x06, 0x06, 0x00, 0x00 },
     { 0x10A0, 0x0000, 0x00F6, 0x0010, 0x0010, 0x0000, "BLAZES DOWN THROUGH", 0x80301F14, 0x00, 0x00, 0x001E, 0x06, 0x06, 0x00, 0x00 },
    { 0x10A0, 0x0000, 0x0108, 0x0010, 0x0010, 0x0000, "THE SKIES, A RUNWAY", 0x80301F28, 0x00, 0x00, 0x001E, 0x06, 0x06, 0x00, 0x00 },
     { 0x10A0, 0x0000, 0x011A, 0x0010, 0x0010, 0x0000, "MUST BE CLEARED.", 0x80301F38, 0x00, 0x00, 0x001E, 0x06, 0x06, 0x00, 0x00 },
     { 0x00B0, 0x0000, 0x0024, 0x0014, 0x0014, 0x0000, "SITUATION:", 0x8030268C, 0x00, 0x00, 0x001E, 0x04, 0x04, 0x00, 0x00 },
     { 0x01A0, 0x0020, 0x003A, 0x0010, 0x0010, 0x0000, "********CARRIER LOCKED ON COURSE********", 0x80302698, 0x00, 0x00, 0x001E, 0x07, 0x04, 0x00, 0x00 },
    { 0x02A0, 0x0000, 0x0054, 0x0014, 0x0014, 0x0000, "SOLUTION:", 0x803026C0, 0x00, 0x00, 0x001E, 0x04, 0x04, 0x00, 0x00 },
     { 0x01A0, 0x0017, 0x006A, 0x0010, 0x0010, 0x0000, "********CLEAR PATH TO GROUND ZERO!************", 0x803026CC, 0x00, 0x00, 0x001E, 0x07, 0x04, 0x00, 0x00 },
     { 0x00B0, 0x0000, 0x0024, 0x0014, 0x0014, 0x0000, "AGENTS:", 0x803026F8, 0x00, 0x00, 0x001E, 0x04, 0x04, 0x00, 0x00 },
     { 0x01A0, 0x0045, 0x003A, 0x0010, 0x0010, 0x0000, "********BLAST CORPS********", 0x80302704, 0x00, 0x00, 0x001E, 0x07, 0x04, 0x00, 0x00 },
    { 0x02A0, 0x0000, 0x0054, 0x0014, 0x0014, 0x0000, "CHANCES:", 0x80302734, 0x00, 0x00, 0x001E, 0x04, 0x04, 0x00, 0x00 },
     { 0x01A0, 0x005E, 0x006A, 0x0010, 0x0010, 0x0000, "********SLIM*!******************", 0x80302748, 0x00, 0x00, 0x001E, 0x07, 0x04, 0x00, 0x00 },
     { 0x01B0, 0x0000, 0x0030, 0x0014, 0x0014, 0x0000, "******MISSION 1:**", 0x80302774, 0x00, 0x00, 0x001E, 0x04, 0x04, 0x00, 0x00 },
     { 0x0220, 0x0000, 0x004A, 0x000F, 0x000F, 0x0000, "CLEAR PATH FOR CARRIER", 0x80302790, 0x00, 0x00, 0x001E, 0x07, 0x04, 0x00, 0x00 },
    { 0x0220, 0x0000, 0x005B, 0x000F, 0x000F, 0x0000, "ON EACH MAIN LEVEL.", 0x803027AC, 0x00, 0x00, 0x001E, 0x07, 0x04, 0x00, 0x00 },
     { 0x01B0, 0x0000, 0x0028, 0x0014, 0x0014, 0x0000, "******MISSION 2:**", 0x803027C4, 0x00, 0x00, 0x001E, 0x04, 0x04, 0x00, 0x00 },
     { 0x0220, 0x0000, 0x0042, 0x000F, 0x000F, 0x0000, "ACTIVATE ALL RDUS AND", 0x803027E0, 0x00, 0x00, 0x001E, 0x07, 0x04, 0x00, 0x00 },
     { 0x0220, 0x0000, 0x0053, 0x000F, 0x000F, 0x0000, "DESTROY ALL BUILDINGS", 0x80302800, 0x00, 0x00, 0x001E, 0x07, 0x04, 0x00, 0x00 },
    { 0x0220, 0x0000, 0x0064, 0x000F, 0x000F, 0x0000, "TO EARN SECOND GOLD.", 0x80302820, 0x00, 0x00, 0x001E, 0x07, 0x04, 0x00, 0x00 },
     { 0x01B0, 0x0000, 0x0028, 0x0014, 0x0014, 0x0000, "******MISSION 3:**", 0x80302840, 0x00, 0x00, 0x001E, 0x04, 0x04, 0x00, 0x00 },
     { 0x0220, 0x0000, 0x0042, 0x000E, 0x000F, 0x0000, "AFTER COMPLETING MAIN LEVELS,", 0x8030285C, 0x00, 0x00, 0x001E, 0x07, 0x04, 0x00, 0x00 },
     { 0x0220, 0x0000, 0x0053, 0x000E, 0x000F, 0x0000, "FIND ALL 6 SCIENTISTS TO", 0x80302878, 0x00, 0x00, 0x001E, 0x07, 0x04, 0x00, 0x00 },
    { 0x0220, 0x0000, 0x0064, 0x000E, 0x000F, 0x0000, "ENSURE A CONTROLLED DETONATION.", 0x8030288C, 0x00, 0x00, 0x001E, 0x07, 0x04, 0x00, 0x00 },
     { 0x01B0, 0x0000, 0x0030, 0x0014, 0x0014, 0x0000, "******MISSION 4:**", 0x803028AC, 0x00, 0x00, 0x001E, 0x04, 0x04, 0x00, 0x00 },
     { 0x0220, 0x0000, 0x004A, 0x000F, 0x000F, 0x0000, "ACHIEVE GOLD ON ALL LEVELS", 0x803028C8, 0x00, 0x00, 0x001E, 0x07, 0x04, 0x00, 0x00 },
     { 0x0220, 0x0000, 0x005B, 0x000F, 0x000F, 0x0000, "TO COMMENCE TIME ATTACK.", 0x803028E8, 0x00, 0x00, 0x001E, 0x07, 0x04, 0x00, 0x00 },
    { 0x00B0, 0x0000, 0x0010, 0x000F, 0x000F, 0x0000, "BLAST CORPS : LEADERS IN", 0x80301F3C, 0x00, 0x00, 0x001E, 0x07, 0x06, 0x00, 0x00 },
     { 0x00A0, 0x0000, 0x0020, 0x000F, 0x000F, 0x0000, "THE FIELD OF HEAVY DUTY", 0x80301F40, 0x00, 0x00, 0x001E, 0x07, 0x06, 0x00, 0x00 },
     { 0x00A0, 0x0000, 0x0030, 0x000F, 0x000F, 0x0000, "DEMOLITION THROUGH A", 0x80301F54, 0x00, 0x00, 0x001E, 0x07, 0x06, 0x00, 0x00 },
     { 0x00A0, 0x0000, 0x0040, 0x000F, 0x000F, 0x0000, "COMBINATION OF SKILL,", 0x80301F6C, 0x00, 0x00, 0x001E, 0x07, 0x06, 0x00, 0x00 },
    { 0x00A0, 0x0000, 0x0050, 0x000F, 0x000F, 0x0000, "EXPERIENCE AND CUTTING-", 0x80301F8C, 0x00, 0x00, 0x001E, 0x07, 0x06, 0x00, 0x00 },
     { 0x00A0, 0x0000, 0x0060, 0x000F, 0x000F, 0x0000, "EDGE TECHNOLOGY.", 0x80301FA8, 0x00, 0x00, 0x001E, 0x07, 0x06, 0x00, 0x00 },
     { 0x00B0, 0x0000, 0x0010, 0x000F, 0x000F, 0x0000, "SINCE ITS BIRTH THE COMPANY", 0x80301FAC, 0x00, 0x00, 0x001E, 0x07, 0x06, 0x00, 0x00 },
     { 0x00A0, 0x0000, 0x0020, 0x000F, 0x000F, 0x0000, "HAS APPLIED ITS UNIQUE TALENTS", 0x80301FB0, 0x00, 0x00, 0x001E, 0x07, 0x06, 0x00, 0x00 },
    { 0x00A0, 0x0000, 0x0030, 0x000F, 0x000F, 0x0000, "TO THE PROBLEM OF URBAN DECAY,", 0x80301FD0, 0x00, 0x00, 0x001E, 0x07, 0x06, 0x00, 0x00 },
     { 0x00A0, 0x0000, 0x0040, 0x000F, 0x000F, 0x0000, "RENOVATING AND REVITALIZING", 0x80301FE8, 0x00, 0x00, 0x001E, 0x07, 0x06, 0x00, 0x00 },
     { 0x00A0, 0x0000, 0x0050, 0x000F, 0x000F, 0x0000, "CITIES FROM ONE END OF THE", 0x80302000, 0x00, 0x00, 0x001E, 0x07, 0x06, 0x00, 0x00 },
     { 0x00A0, 0x0000, 0x0060, 0x000F, 0x000F, 0x0000, "COUNTRY TO THE OTHER.", 0x80302004, 0x00, 0x00, 0x001E, 0x07, 0x06, 0x00, 0x00 },
    { 0x00B0, 0x0000, 0x0010, 0x000F, 0x000F, 0x0000, "A FAR CRY FROM THE SENSELESS", 0x80302008, 0x00, 0x00, 0x001E, 0x07, 0x06, 0x00, 0x00 },
     { 0x00A0, 0x0000, 0x0020, 0x000F, 0x000F, 0x0000, "WARFARE AMIDST WHICH THE", 0x8030200C, 0x00, 0x00, 0x001E, 0x07, 0x06, 0x00, 0x00 },
     { 0x00A0, 0x0000, 0x0030, 0x000F, 0x000F, 0x0000, "SEEDS OF THE PROJECT WERE", 0x8030202C, 0x00, 0x00, 0x001E, 0x07, 0x06, 0x00, 0x00 },
     { 0x00A0, 0x0000, 0x0040, 0x000F, 0x000F, 0x0000, "SOWN, IN THE HEAVY VEHICLE", 0x8030204C, 0x00, 0x00, 0x001E, 0x07, 0x06, 0x00, 0x00 },
    { 0x00A0, 0x0000, 0x0050, 0x000F, 0x000F, 0x0000, "DEVELOPMENT BAY AT THE", 0x80302068, 0x00, 0x00, 0x001E, 0x07, 0x06, 0x00, 0x00 },
     { 0x00A0, 0x0000, 0x0060, 0x000F, 0x000F, 0x0000, "MILITARY BASE CALLED RAFTERS.", 0x80302088, 0x00, 0x00, 0x001E, 0x07, 0x06, 0x00, 0x00 },
     { 0x00B0, 0x0000, 0x0010, 0x000F, 0x000F, 0x0000, "WHILE DEMONSTRATING A GREAT", 0x8030208C, 0x00, 0x00, 0x001E, 0x07, 0x06, 0x00, 0x00 },
     { 0x00A0, 0x0000, 0x0020, 0x000F, 0x000F, 0x0000, "NATURAL FLAIR, THE FOUNDING", 0x80302090, 0x00, 0x00, 0x001E, 0x07, 0x06, 0x00, 0x00 },
    { 0x00A0, 0x0000, 0x0030, 0x000F, 0x000F, 0x0000, "MEMBERS OF THE TEAM - AMBER,", 0x803020AC, 0x00, 0x00, 0x001E, 0x07, 0x06, 0x00, 0x00 },
     { 0x00A0, 0x0000, 0x0040, 0x000F, 0x000F, 0x0000, "CLARK, WESLEY AND SPIKE - WERE", 0x803020CC, 0x00, 0x00, 0x001E, 0x07, 0x06, 0x00, 0x00 },
     { 0x00A0, 0x0000, 0x0050, 0x000F, 0x000F, 0x0000, "NEVER HAPPY WITH THE ULTIMATE", 0x803020E4, 0x00, 0x00, 0x001E, 0x07, 0x06, 0x00, 0x00 },
     { 0x00A0, 0x0000, 0x0060, 0x000F, 0x000F, 0x0000, "PURPOSE OF THEIR MACHINES ...", 0x803020E8, 0x00, 0x00, 0x001E, 0x07, 0x06, 0x00, 0x00 },
    { 0x00B0, 0x0000, 0x0010, 0x000F, 0x000F, 0x0000, "SO WHEN WESLEY WAS CRUELLY", 0x803020EC, 0x00, 0x00, 0x001E, 0x07, 0x06, 0x00, 0x00 },
     { 0x00A0, 0x0000, 0x0020, 0x000F, 0x000F, 0x0000, "REJECTED FOLLOWING THE FIELD", 0x80302104, 0x00, 0x00, 0x001E, 0x07, 0x06, 0x00, 0x00 },
     { 0x00A0, 0x0000, 0x0030, 0x000F, 0x000F, 0x0000, "ACCIDENT THAT LEFT HIM", 0x80302124, 0x00, 0x00, 0x001E, 0x07, 0x06, 0x00, 0x00 },
     { 0x00A0, 0x0000, 0x0040, 0x000F, 0x000F, 0x0000, "DISABLED, HIS FRIENDS FINALLY", 0x80302140, 0x00, 0x00, 0x001E, 0x07, 0x06, 0x00, 0x00 },
    { 0x00A0, 0x0000, 0x0050, 0x000F, 0x000F, 0x0000, "REBELLED AND LED THE", 0x8030215C, 0x00, 0x00, 0x001E, 0x07, 0x06, 0x00, 0x00 },
     { 0x00A0, 0x0000, 0x0060, 0x000F, 0x000F, 0x0000, "INFAMOUS RAFTERS WALKOUT.", 0x80302174, 0x00, 0x00, 0x001E, 0x07, 0x06, 0x00, 0x00 },
     { 0x00B0, 0x0000, 0x0010, 0x000F, 0x000F, 0x0000, "BLAST CORPS CAME INTO BEING", 0x80302178, 0x00, 0x00, 0x001E, 0x07, 0x06, 0x00, 0x00 },
     { 0x00A0, 0x0000, 0x0020, 0x000F, 0x000F, 0x0000, "SOON AFTER. THAT WAS FIVE", 0x8030217C, 0x00, 0x00, 0x001E, 0x07, 0x06, 0x00, 0x00 },
    { 0x00A0, 0x0000, 0x0030, 0x000F, 0x000F, 0x0000, "YEARS AGO. BUT NOW, IN", 0x80302194, 0x00, 0x00, 0x001E, 0x07, 0x06, 0x00, 0x00 },
     { 0x00A0, 0x0000, 0x0040, 0x000F, 0x000F, 0x0000, "THE PRESENT DAY, WORLD PEACE", 0x803021B0, 0x00, 0x00, 0x001E, 0x07, 0x06, 0x00, 0x00 },
     { 0x00A0, 0x0000, 0x0050, 0x000F, 0x000F, 0x0000, "IS SHATTERED AS MANKIND FACES", 0x803021CC, 0x00, 0x00, 0x001E, 0x07, 0x06, 0x00, 0x00 },
     { 0x00A0, 0x0000, 0x0060, 0x000F, 0x000F, 0x0000, "CRISIS ON A WORLDWIDE SCALE.", 0x803021EC, 0x00, 0x00, 0x001E, 0x07, 0x06, 0x00, 0x00 },
    { 0x00B0, 0x0000, 0x0010, 0x000F, 0x000F, 0x0000, "A PAIR OF DEFECTIVE NUCLEAR", 0x803021F0, 0x00, 0x00, 0x001E, 0x07, 0x06, 0x00, 0x00 },
     { 0x00A0, 0x0000, 0x0020, 0x000F, 0x000F, 0x0000, "MISSILES, EN ROUTE TO A SAFE", 0x8030220C, 0x00, 0x00, 0x001E, 0x07, 0x06, 0x00, 0x00 },
     { 0x00A0, 0x0000, 0x0030, 0x000F, 0x000F, 0x0000, "DETONATION SITE, HAVE BEGUN", 0x8030222C, 0x00, 0x00, 0x001E, 0x07, 0x06, 0x00, 0x00 },
     { 0x00A0, 0x0000, 0x0040, 0x000F, 0x000F, 0x0000, "TO LEAK. BADLY DAMAGED, THE", 0x8030224C, 0x00, 0x00, 0x001E, 0x07, 0x06, 0x00, 0x00 },
    { 0x00A0, 0x0000, 0x0050, 0x000F, 0x000F, 0x0000, "CARRIER AUTOMATICALLY LOCKS", 0x80302264, 0x00, 0x00, 0x001E, 0x07, 0x06, 0x00, 0x00 },
     { 0x00A0, 0x0000, 0x0060, 0x000F, 0x000F, 0x0000, "ONTO THE MOST DIRECT ROUTE.", 0x80302280, 0x00, 0x00, 0x001E, 0x07, 0x06, 0x00, 0x00 },
     { 0x00B0, 0x0000, 0x0010, 0x000F, 0x000F, 0x0000, "BAD MEMORIES RESURFACE FOR", 0x80302284, 0x00, 0x00, 0x001E, 0x07, 0x06, 0x00, 0x00 },
     { 0x00A0, 0x0000, 0x0020, 0x000F, 0x000F, 0x0000, "THE BLAST CORPS TEAM WHEN,", 0x80302288, 0x00, 0x00, 0x001E, 0x07, 0x06, 0x00, 0x00 },
    { 0x00A0, 0x0000, 0x0030, 0x000F, 0x000F, 0x0000, "SUMMONED TO THEIR NATION'S", 0x803022A8, 0x00, 0x00, 0x001E, 0x07, 0x06, 0x00, 0x00 },
     { 0x00A0, 0x0000, 0x0040, 0x000F, 0x000F, 0x0000, "DEFENSE, THEY FIND OUT WHERE", 0x803022C8, 0x00, 0x00, 0x001E, 0x07, 0x06, 0x00, 0x00 },
     { 0x00A0, 0x0000, 0x0050, 0x000F, 0x000F, 0x0000, "THE WARHEADS ORIGINATED. A", 0x803022E0, 0x00, 0x00, 0x001E, 0x07, 0x06, 0x00, 0x00 },
     { 0x00A0, 0x0000, 0x0060, 0x000F, 0x000F, 0x0000, "CERTAIN NEARBY MILITARY BASE.", 0x803022F4, 0x00, 0x00, 0x001E, 0x07, 0x06, 0x00, 0x00 },
    { 0x00B0, 0x0000, 0x0010, 0x000F, 0x000F, 0x0000, "THE FLOOD OF RADIATION PREVENTS", 0x803022F8, 0x00, 0x00, 0x001E, 0x07, 0x06, 0x00, 0x00 },
     { 0x00A0, 0x0000, 0x0020, 0x000F, 0x000F, 0x0000, "ANYONE GETTING CLOSE TO THE", 0x803022FC, 0x00, 0x00, 0x001E, 0x07, 0x06, 0x00, 0x00 },
     { 0x00A0, 0x0000, 0x0030, 0x000F, 0x000F, 0x0000, "RUNAWAY CARRIER, AND PEOPLE IN", 0x80302310, 0x00, 0x00, 0x001E, 0x07, 0x06, 0x00, 0x00 },
     { 0x00A0, 0x0000, 0x0040, 0x000F, 0x000F, 0x0000, "THE KNOW FEAR THAT EVEN THE", 0x80302328, 0x00, 0x00, 0x001E, 0x07, 0x06, 0x00, 0x00 },
    { 0x00A0, 0x0000, 0x0050, 0x000F, 0x000F, 0x0000, "SLIGHTEST JOLT COULD TRIGGER", 0x80302340, 0x00, 0x00, 0x001E, 0x07, 0x06, 0x00, 0x00 },
     { 0x00A0, 0x0000, 0x0060, 0x000F, 0x000F, 0x0000, "A CATASTROPHIC EXPLOSION.", 0x8030235C, 0x00, 0x00, 0x001E, 0x07, 0x06, 0x00, 0x00 },
     { 0x00B0, 0x0000, 0x0010, 0x000F, 0x000F, 0x0000, "STANDING AS THE WORLD'S FINAL", 0x80302360, 0x00, 0x00, 0x001E, 0x07, 0x06, 0x00, 0x00 },
     { 0x00A0, 0x0000, 0x0020, 0x000F, 0x000F, 0x0000, "HOPE, BLAST CORPS MUST CLEAR", 0x80302364, 0x00, 0x00, 0x001E, 0x07, 0x06, 0x00, 0x00 },
    { 0x00A0, 0x0000, 0x0030, 0x000F, 0x000F, 0x0000, "THE WAY TO GROUND ZERO, GATHER", 0x80302380, 0x00, 0x00, 0x001E, 0x07, 0x06, 0x00, 0x00 },
     { 0x00A0, 0x0000, 0x0040, 0x000F, 0x000F, 0x0000, "A TEAM OF SIX ELITE SCIENTISTS", 0x803023A0, 0x00, 0x00, 0x001E, 0x07, 0x06, 0x00, 0x00 },
     { 0x00A0, 0x0000, 0x0050, 0x000F, 0x000F, 0x0000, "AND ULTIMATELY COUNTER THE", 0x803023C0, 0x00, 0x00, 0x001E, 0x07, 0x06, 0x00, 0x00 },
     { 0x00A0, 0x0000, 0x0060, 0x000F, 0x000F, 0x0000, "THREAT OF NUCLEAR WINTER.", 0x803023DC, 0x00, 0x00, 0x001E, 0x07, 0x06, 0x00, 0x00 },
    { 0x00B0, 0x0000, 0x0058, 0x0010, 0x0010, 0x0000, "EVEN AS THE CARRIER", 0x803023E0, 0x00, 0x00, 0x001E, 0x06, 0x06, 0x00, 0x00 },
     { 0x00A0, 0x0000, 0x006A, 0x0010, 0x0010, 0x0000, "TRUNDLES TOWARDS GROUND", 0x803023E4, 0x00, 0x00, 0x001E, 0x06, 0x06, 0x00, 0x00 },
     { 0x00A0, 0x0000, 0x007C, 0x0010, 0x0010, 0x0000, "ZERO, YOU ARE DOING", 0x803023FC, 0x00, 0x00, 0x001E, 0x06, 0x06, 0x00, 0x00 },
     { 0x00A0, 0x0000, 0x008E, 0x0010, 0x0010, 0x0000, "EVERYTHING IN YOUR POWER", 0x80302410, 0x00, 0x00, 0x001E, 0x06, 0x06, 0x00, 0x00 },
    { 0x00A0, 0x0000, 0x00A0, 0x0010, 0x0010, 0x0000, "TO GET THE ASSEMBLED", 0x80302424, 0x00, 0x00, 0x001E, 0x06, 0x06, 0x00, 0x00 },
     { 0x00A0, 0x0000, 0x00B2, 0x0010, 0x0010, 0x0000, "SCIENTISTS THERE FIRST ...", 0x8030243C, 0x00, 0x00, 0x001E, 0x06, 0x06, 0x00, 0x00 },
     { 0x10A0, 0x0000, 0xFF44, 0x0010, 0x0010, 0x0000, "MERCIFULLY, THE SCIENTISTS", 0x80302440, 0x00, 0x00, 0x001E, 0x06, 0x06, 0x00, 0x00 },
     { 0x10A0, 0x0000, 0xFF56, 0x0010, 0x0010, 0x0000, "ARE ABLE TO SET UP A", 0x80302460, 0x00, 0x00, 0x001E, 0x06, 0x06, 0x00, 0x00 },
    { 0x10A0, 0x0000, 0xFF68, 0x0010, 0x0010, 0x0000, "PROPERLY CONTROLLED", 0x8030247C, 0x00, 0x00, 0x001E, 0x06, 0x06, 0x00, 0x00 },
     { 0x10A0, 0x0000, 0xFF7A, 0x0010, 0x0010, 0x0000, "DETONATION ... AND FINALLY,", 0x80302494, 0x00, 0x00, 0x001E, 0x06, 0x06, 0x00, 0x00 },
     { 0x10A0, 0x0000, 0xFF8C, 0x0010, 0x0010, 0x0000, "AS THE SMOKE FADES, THE WORLD", 0x803024AC, 0x00, 0x00, 0x001E, 0x06, 0x06, 0x00, 0x00 },
     { 0x10A0, 0x0000, 0xFF9E, 0x0010, 0x0010, 0x0000, "CAN LET OUT A SIGH OF RELIEF.", 0x803024CC, 0x00, 0x00, 0x001E, 0x06, 0x06, 0x00, 0x00 },
    { 0x10A0, 0x0000, 0xFFE6, 0x0010, 0x0010, 0x0000, "THE DEVASTATION LEFT IN", 0x803024D0, 0x00, 0x00, 0x001E, 0x06, 0x06, 0x00, 0x00 },
     { 0x10A0, 0x0000, 0xFFF8, 0x0010, 0x0010, 0x0000, "YOUR WAKE IS NOTHING COMPARED", 0x803024F0, 0x00, 0x00, 0x001E, 0x06, 0x06, 0x00, 0x00 },
     { 0x10A0, 0x0000, 0x000A, 0x0010, 0x0010, 0x0000, "TO WHAT WOULD HAVE HAPPENED", 0x80302504, 0x00, 0x00, 0x001E, 0x06, 0x06, 0x00, 0x00 },
     { 0x10A0, 0x0000, 0x001C, 0x0010, 0x0010, 0x0000, "IF BLAST CORPS HAD FAILED", 0x8030251C, 0x00, 0x00, 0x001E, 0x06, 0x06, 0x00, 0x00 },
    { 0x10A0, 0x0000, 0x002E, 0x0010, 0x0010, 0x0000, "AT THE LAST.", 0x80302534, 0x00, 0x00, 0x001E, 0x06, 0x06, 0x00, 0x00 },
     { 0x10A0, 0x0000, 0x0052, 0x0010, 0x0010, 0x0000, "REBUILDING BEGINS IMMEDIATELY.", 0x80302538, 0x00, 0x00, 0x001E, 0x06, 0x06, 0x00, 0x00 },
     { 0x10A0, 0x0000, 0x009A, 0x0010, 0x0010, 0x0000, "WITH CATASTROPHE AVERTED, THE", 0x80302550, 0x00, 0x00, 0x001E, 0x06, 0x06, 0x00, 0x00 },
     { 0x10A0, 0x0000, 0x00AC, 0x0010, 0x0010, 0x0000, "TEAM MEMBERS BECOME NATIONAL", 0x80302554, 0x00, 0x00, 0x001E, 0x06, 0x06, 0x00, 0x00 },
    { 0x10A0, 0x0000, 0x00BE, 0x0010, 0x0010, 0x0000, "HEROES, THEIR SUCCESS AND", 0x8030256C, 0x00, 0x00, 0x001E, 0x06, 0x06, 0x00, 0x00 },
     { 0x10A0, 0x0000, 0x00D0, 0x0010, 0x0010, 0x0000, "SATISFACTION ASSURED FOR", 0x80302584, 0x00, 0x00, 0x001E, 0x06, 0x06, 0x00, 0x00 },
     { 0x10A0, 0x0000, 0x00E2, 0x0010, 0x0010, 0x0000, "THE FORESEEABLE FUTURE.", 0x80302588, 0x00, 0x00, 0x001E, 0x06, 0x06, 0x00, 0x00 },
     { 0x0120, 0x002C, 0x0006, 0x0014, 0x0014, 0x0000, "**RDUS COLLECTED!**********", 0x803025B8, 0x00, 0x00, 0x001E, 0x12, 0x04, 0x00, 0x00 },
    { 0x0120, 0x002C, 0x0006, 0x0014, 0x0014, 0x0000, "**SURVIVORS FREE!**********", 0x803025DC, 0x00, 0x00, 0x001E, 0x12, 0x04, 0x00, 0x00 },
     { 0x0120, 0x002C, 0x0006, 0x0014, 0x0014, 0x0000, "**BUILDINGS DESTROYED!**********", 0x80302600, 0x00, 0x00, 0x001E, 0x12, 0x04, 0x00, 0x00 },
     { 0x0120, 0x002C, 0x0006, 0x0014, 0x0014, 0x0000, "**LEVEL COMPLETE!**********", 0x8030258C, 0x00, 0x00, 0x001E, 0x12, 0x04, 0x00, 0x00 },
     { 0x0120, 0x002C, 0x0006, 0x0014, 0x0014, 0x0000, "**PATH CLEARED!**********", 0x8030262C, 0x00, 0x00, 0x001E, 0x12, 0x04, 0x00, 0x00 },
    { 0x01A0, 0x0018, 0x0014, 0x0018, 0x0018, 0x0000, "********EMERGENCY! ...****************", 0x80302650, 0x00, 0x00, 0x001E, 0x04, 0x04, 0x00, 0x00 },
     { 0x00A0, 0x0000, 0x0030, 0x0014, 0x0014, 0x0000, "YOU MUST COMPLETELY", 0x80302908, 0x00, 0x00, 0x001E, 0x07, 0x04, 0x00, 0x00 },
     { 0x00A0, 0x0000, 0x0046, 0x0014, 0x0014, 0x0000, "REMOVE ALL OBSTACLES", 0x80302918, 0x00, 0x00, 0x001E, 0x07, 0x04, 0x00, 0x00 },
     { 0x00A0, 0x0000, 0x005C, 0x0014, 0x0014, 0x0000, "FROM THE DANGER ZONE!", 0x80302930, 0x00, 0x00, 0x001E, 0x07, 0x04, 0x00, 0x00 },
    { 0x00A4, 0x0020, 0x0006, 0x0014, 0x0014, 0x0000, "DANGER ZONE!", 0x80302934, 0x00, 0x00, 0x001E, 0x11, 0x04, 0x00, 0x00 },
     { 0x0480, 0xFFE0, 0x0026, 0x000F, 0x000F, 0x0000, 0x00000000, 0x00000000, 0x10, 0x00, 0x0000, 0x16, 0x02, 0x00, 0x00 },
     { 0x1020, 0x0000, 0xFF80, 0x0010, 0x0010, 0x0000, "THIS IS AN RDU,", 0x80302940, 0x00, 0x00, 0x001E, 0x07, 0x07, 0x00, 0x00 },
     { 0x1021, 0x0000, 0xFF92, 0x0010, 0x0010, 0x0000, "TRIGGERED REMOTELY", 0x80302954, 0x00, 0x00, 0x001E, 0x07, 0x07, 0x00, 0x00 },
    { 0x1020, 0x0000, 0xFFA4, 0x0010, 0x0010, 0x0000, "AS YOU DRIVE BY.", 0x80302968, 0x00, 0x00, 0x001E, 0x07, 0x07, 0x00, 0x00 },
     { 0x1020, 0x0000, 0xFFB6, 0x0010, 0x0010, 0x0000, 0x00000000, 0x80302974, 0x00, 0x00, 0x001E, 0x07, 0x07, 0x00, 0x00 }, { 0x1020, 0x0000, 0xFFC8, 0x0010, 0x0010, 0x0000, "THEY CAN BE USED FOR", 0x80302978, 0x00, 0x00, 0x001E, 0x07, 0x07, 0x00, 0x00 }, { 0x1021, 0x0000, 0xFFDA, 0x0010, 0x0010, 0x0000, "GUIDANCE AS WELL AS", 0x8030298C, 0x00, 0x00, 0x001E, 0x07, 0x07, 0x00, 0x00 },
    { 0x1020, 0x0000, 0xFFEC, 0x0010, 0x0010, 0x0000, "RADIATION DISPERSAL.", 0x803029A0, 0x00, 0x00, 0x001E, 0x07, 0x07, 0x00, 0x00 },
     { 0x0480, 0xFFE0, 0x0026, 0x000F, 0x000F, 0x0000, 0x00000000, 0x00000000, 0x38, 0x00, 0x0000, 0x16, 0x02, 0x00, 0x00 }, { 0x1020, 0x0000, 0xFF80, 0x0010, 0x0010, 0x0000, "COMMUNICATION POINTS", 0x803029B4, 0x00, 0x00, 0x001E, 0x07, 0x07, 0x00, 0x00 }, { 0x1021, 0x0000, 0xFF92, 0x0010, 0x0010, 0x0000, "ALLOW YOU TO MAKE", 0x803029B8, 0x00, 0x00, 0x001E, 0x07, 0x07, 0x00, 0x00 },
    { 0x1020, 0x0000, 0xFFA4, 0x0010, 0x0010, 0x0000, "CONTACT WITH HQ.", 0x803029C8, 0x00, 0x00, 0x001E, 0x07, 0x07, 0x00, 0x00 },
     { 0x1020, 0x0000, 0xFFB6, 0x0010, 0x0010, 0x0000, 0x00000000, 0x803029CC, 0x00, 0x00, 0x001E, 0x07, 0x07, 0x00, 0x00 }, { 0x1020, 0x0000, 0xFFC8, 0x0010, 0x0010, 0x0000, "WHEN ACTIVATED, THEY", 0x803029D0, 0x00, 0x00, 0x001E, 0x07, 0x07, 0x00, 0x00 }, { 0x1021, 0x0000, 0xFFDA, 0x0010, 0x0010, 0x0000, "BREAK OPEN VALUABLE", 0x803029D4, 0x00, 0x00, 0x001E, 0x07, 0x07, 0x00, 0x00 },
    { 0x1020, 0x0000, 0xFFEC, 0x0010, 0x0010, 0x0000, "NEW TRAINING LEVELS.", 0x803029E8, 0x00, 0x00, 0x001E, 0x07, 0x07, 0x00, 0x00 },
     { 0x1020, 0x0000, 0xFFFE, 0x0010, 0x0010, 0x0000, 0x00000000, 0x803029EC, 0x00, 0x00, 0x001E, 0x07, 0x07, 0x00, 0x00 }, { 0x1020, 0x0000, 0x0010, 0x0010, 0x0010, 0x0000, "YOU CAN", 0x803029F0, 0x00, 0x00, 0x001E, 0x07, 0x07, 0x00, 0x00 }, { 0x1021, 0x0000, 0x0022, 0x0010, 0x0010, 0x0000, "ACCESS THESE FROM", 0x80302A00, 0x00, 0x00, 0x001E, 0x07, 0x07, 0x00, 0x00 },
    { 0x1020, 0x0000, 0x0034, 0x0010, 0x0010, 0x0000, "THE WORLD SCREEN.", 0x80302A14, 0x00, 0x00, 0x001E, 0x07, 0x07, 0x00, 0x00 },
     { 0x0480, 0xFFF0, 0x0008, 0x000F, 0x000F, 0x0000, 0x00000000, 0x00000000, 0x3E, 0x00, 0x0000, 0x16, 0x02, 0x00, 0x00 }, { 0x11A0, 0x0000, 0xFFCC, 0x0018, 0x0018, 0x0000, "BACKLASH", 0x80302A28, 0x00, 0x00, 0x001E, 0x04, 0x07, 0x00, 0x00 }, { 0x10A0, 0x0000, 0x0014, 0x0010, 0x0010, 0x0000, "DESTROY BUILDINGS", 0x80302A3C, 0x00, 0x00, 0x001E, 0x07, 0x07, 0x00, 0x00 },
    { 0x10A0, 0x0000, 0x0026, 0x0010, 0x0010, 0x0000, "WITH BACKLASH USING", 0x80302A50, 0x00, 0x00, 0x001E, 0x07, 0x07, 0x00, 0x00 },
     { 0x10A0, 0x0000, 0x0038, 0x0010, 0x0010, 0x0000, "ITS ARMORED REAR.", 0x80302A60, 0x00, 0x00, 0x001E, 0x07, 0x07, 0x00, 0x00 }, { 0x10A0, 0x0000, 0x004A, 0x0010, 0x0010, 0x0000, 0x00000000, 0x80302A64, 0x00, 0x00, 0x001E, 0x07, 0x07, 0x00, 0x00 }, { 0x10A0, 0x0000, 0x005C, 0x0010, 0x0010, 0x0000, 0x00000000, 0x80302A68, 0x00, 0x00, 0x001E, 0x07, 0x07, 0x00, 0x00 },
    { 0x10A0, 0x0000, 0x006E, 0x0010, 0x0010, 0x0000, "USE R TO SKID", 0x80302A7C, 0x00, 0x00, 0x001E, 0x07, 0x07, 0x00, 0x00 },
     { 0x10A0, 0x0000, 0x0080, 0x0010, 0x0010, 0x0000, "THE TRUCK WHEN", 0x80302A8C, 0x00, 0x00, 0x001E, 0x07, 0x07, 0x00, 0x00 }, { 0x10A0, 0x0000, 0x0092, 0x0010, 0x0010, 0x0000, "GOING INTO A TURN.", 0x80302A90, 0x00, 0x00, 0x001E, 0x07, 0x07, 0x00, 0x00 }, { 0x10A0, 0x0000, 0x00A4, 0x0010, 0x0010, 0x0000, 0x00000000, 0x80302AA4, 0x00, 0x00, 0x001E, 0x07, 0x07, 0x00, 0x00 },
    { 0x10A0, 0x0000, 0x00B6, 0x0010, 0x0010, 0x0000, "AIM FOR AT LEAST", 0x80302AB4, 0x00, 0x00, 0x001E, 0x07, 0x07, 0x00, 0x00 },
     { 0x10A0, 0x0000, 0x00C8, 0x0010, 0x0010, 0x0000, "A SILVER MEDAL", 0x80302AB8, 0x00, 0x00, 0x001E, 0x07, 0x07, 0x00, 0x00 }, { 0x10A0, 0x0000, 0x00DA, 0x0010, 0x0010, 0x0000, "BEFORE PROGRESSING:", 0x80302AD0, 0x00, 0x00, 0x001E, 0x07, 0x07, 0x00, 0x00 }, { 0x10A0, 0x0000, 0x00EC, 0x0010, 0x0010, 0x0000, 0x00000000, 0x80302AE4, 0x00, 0x00, 0x001E, 0x07, 0x07, 0x00, 0x00 },
    { 0x10A0, 0x0000, 0x00FE, 0x0010, 0x0010, 0x0000, "THIS TECHNIQUE", 0x80302AE8, 0x00, 0x00, 0x001E, 0x07, 0x07, 0x00, 0x00 },
     { 0x10A0, 0x0000, 0x0110, 0x0010, 0x0010, 0x0000, "MUST BE MASTERED", 0x80302AFC, 0x00, 0x00, 0x001E, 0x07, 0x07, 0x00, 0x00 }, { 0x10A0, 0x0000, 0x0122, 0x0010, 0x0010, 0x0000, "FOR LATER LEVELS.", 0x80302B0C, 0x00, 0x00, 0x001E, 0x07, 0x07, 0x00, 0x00 }, { 0x10A0, 0x0000, 0x0134, 0x0010, 0x0010, 0x0000, 0x00000000, 0x80302B10, 0x00, 0x00, 0x001E, 0x07, 0x07, 0x00, 0x00 },
    { 0x10A0, 0x0000, 0x0146, 0x0010, 0x0010, 0x0000, "USE BUMPS TO GET", 0x80302B24, 0x00, 0x00, 0x001E, 0x07, 0x07, 0x00, 0x00 },
     { 0x10A0, 0x0000, 0x0158, 0x0010, 0x0010, 0x0000, "BACKLASH AIRBORNE AND", 0x80302B34, 0x00, 0x00, 0x001E, 0x07, 0x07, 0x00, 0x00 }, { 0x10A0, 0x0000, 0x016A, 0x0010, 0x0010, 0x0000, "CAUSE MAXIMUM DAMAGE.", 0x80302B4C, 0x00, 0x00, 0x001E, 0x07, 0x07, 0x00, 0x00 }, { 0x0480, 0xFFF0, 0x0008, 0x000F, 0x000F, 0x0000, 0x00000000, 0x00000000, 0x3A, 0x00, 0x0000, 0x16, 0x02, 0x00, 0x00 },
    { 0x11A0, 0x0000, 0xFFCC, 0x0018, 0x0018, 0x0000, "SIDESWIPE", 0x80302B50, 0x00, 0x00, 0x001E, 0x04, 0x07, 0x00, 0x00 },
     { 0x10A0, 0x0000, 0x0014, 0x0010, 0x0010, 0x0000, "HITS HARDEST AT THE", 0x80302B64, 0x00, 0x00, 0x001E, 0x07, 0x07, 0x00, 0x00 }, { 0x10A0, 0x0000, 0x0026, 0x0010, 0x0010, 0x0000, "MAXIMUM EXTENSION", 0x80302B7C, 0x00, 0x00, 0x001E, 0x07, 0x07, 0x00, 0x00 }, { 0x10A0, 0x0000, 0x0038, 0x0010, 0x0010, 0x0000, "OF ITS SIDE PANELS.", 0x80302B94, 0x00, 0x00, 0x001E, 0x07, 0x07, 0x00, 0x00 },
    { 0x10A0, 0x0000, 0x004A, 0x0010, 0x0010, 0x0000, 0x00000000, 0x80302BA8, 0x00, 0x00, 0x001E, 0x07, 0x07, 0x00, 0x00 },
     { 0x10A0, 0x0000, 0x005C, 0x0010, 0x0010, 0x0000, 0x00000000, 0x80302BAC, 0x00, 0x00, 0x001E, 0x07, 0x07, 0x00, 0x00 }, { 0x10A0, 0x0000, 0x006E, 0x0010, 0x0010, 0x0000, "FIND BLUE AMMO BOXES", 0x80302BB0, 0x00, 0x00, 0x001E, 0x07, 0x07, 0x00, 0x00 }, { 0x10A0, 0x0000, 0x0080, 0x0010, 0x0010, 0x0000, "TO KEEP SIDESWIPE'S", 0x80302BB4, 0x00, 0x00, 0x001E, 0x07, 0x07, 0x00, 0x00 },
    { 0x10A0, 0x0000, 0x0092, 0x0010, 0x0010, 0x0000, "ATTACK POWER AT FULL.", 0x80302BCC, 0x00, 0x00, 0x001E, 0x07, 0x07, 0x00, 0x00 },
     { 0x10A0, 0x0000, 0x00A4, 0x0010, 0x0010, 0x0000, 0x00000000, 0x80302BE4, 0x00, 0x00, 0x001E, 0x07, 0x07, 0x00, 0x00 }, { 0x10A0, 0x0000, 0x00B6, 0x0010, 0x0010, 0x0000, "CHARGES REMAINING", 0x80302BE8, 0x00, 0x00, 0x001E, 0x07, 0x07, 0x00, 0x00 }, { 0x10A0, 0x0000, 0x00C8, 0x0010, 0x0010, 0x0000, "ARE DISPLAYED IN THE", 0x80302BEC, 0x00, 0x00, 0x001E, 0x07, 0x07, 0x00, 0x00 },
    { 0x10A0, 0x0000, 0x00DA, 0x0010, 0x0010, 0x0000, "LOWER LEFT CORNER.", 0x80302BF0, 0x00, 0x00, 0x001E, 0x07, 0x07, 0x00, 0x00 },
     { 0x0480, 0xFFF0, 0x0008, 0x000F, 0x000F, 0x0000, 0x00000000, 0x00000000, 0x3B, 0x00, 0x0000, 0x16, 0x02, 0x00, 0x00 }, { 0x11A0, 0x0000, 0xFFCC, 0x0018, 0x0018, 0x0000, "THUNDERFIST", 0x80302BF4, 0x00, 0x00, 0x001E, 0x04, 0x07, 0x00, 0x00 }, { 0x10A0, 0x0000, 0x0014, 0x0010, 0x0010, 0x0000, "DEMOLISH BUILDINGS", 0x80302C08, 0x00, 0x00, 0x001E, 0x07, 0x07, 0x00, 0x00 },
    { 0x10A0, 0x0000, 0x0026, 0x0010, 0x0010, 0x0000, "BY DIVING AND", 0x80302C20, 0x00, 0x00, 0x001E, 0x07, 0x07, 0x00, 0x00 },
     { 0x10A0, 0x0000, 0x0038, 0x0010, 0x0010, 0x0000, "ROLLING INTO THEM.", 0x80302C2C, 0x00, 0x00, 0x001E, 0x07, 0x07, 0x00, 0x00 }, { 0x10A0, 0x0000, 0x004A, 0x0010, 0x0010, 0x0000, 0x00000000, 0x80302C30, 0x00, 0x00, 0x001E, 0x07, 0x07, 0x00, 0x00 }, { 0x10A0, 0x0000, 0x005C, 0x0010, 0x0010, 0x0000, "A WELL-TIMED SERIES", 0x80302C34, 0x00, 0x00, 0x001E, 0x07, 0x07, 0x00, 0x00 },
    { 0x10A0, 0x0000, 0x006E, 0x0010, 0x0010, 0x0000, "OF ATTACKS CAN CAUSE", 0x80302C4C, 0x00, 0x00, 0x001E, 0x07, 0x07, 0x00, 0x00 },
     { 0x10A0, 0x0000, 0x0080, 0x0010, 0x0010, 0x0000, "INCREDIBLE DAMAGE.", 0x80302C64, 0x00, 0x00, 0x001E, 0x07, 0x07, 0x00, 0x00 }, { 0x0480, 0xFFF0, 0x0008, 0x000F, 0x000F, 0x0000, 0x00000000, 0x00000000, 0x3C, 0x00, 0x0000, 0x16, 0x02, 0x00, 0x00 }, { 0x11A0, 0x0000, 0xFFCC, 0x0018, 0x0018, 0x0000, "SKYFALL", 0x80302C68, 0x00, 0x00, 0x001E, 0x04, 0x07, 0x00, 0x00 },
    { 0x10A0, 0x0000, 0x0014, 0x0010, 0x0010, 0x0000, "MAKE USE OF SKYFALL'S", 0x80302C7C, 0x00, 0x00, 0x001E, 0x07, 0x07, 0x00, 0x00 },
     { 0x10A0, 0x0000, 0x0026, 0x0010, 0x0010, 0x0000, "ARMORED UNDERSIDE", 0x80302C94, 0x00, 0x00, 0x001E, 0x07, 0x07, 0x00, 0x00 }, { 0x10A0, 0x0000, 0x0038, 0x0010, 0x0010, 0x0000, "TO CRUSH FROM ABOVE.", 0x80302C98, 0x00, 0x00, 0x001E, 0x07, 0x07, 0x00, 0x00 }, { 0x10A0, 0x0000, 0x004A, 0x0010, 0x0010, 0x0000, 0x00000000, 0x80302CA8, 0x00, 0x00, 0x001E, 0x07, 0x07, 0x00, 0x00 },
    { 0x10A0, 0x0000, 0x005C, 0x0010, 0x0010, 0x0000, "TURBO INTO A DITCH", 0x80302CBC, 0x00, 0x00, 0x001E, 0x07, 0x07, 0x00, 0x00 },
     { 0x10A0, 0x0000, 0x006E, 0x0010, 0x0010, 0x0000, "WITH L/R TO LAUNCH", 0x80302CC0, 0x00, 0x00, 0x001E, 0x07, 0x07, 0x00, 0x00 }, { 0x10A0, 0x0000, 0x0080, 0x0010, 0x0010, 0x0000, "YOURSELF SKYWARDS ...", 0x80302CD4, 0x00, 0x00, 0x001E, 0x07, 0x07, 0x00, 0x00 }, { 0x0480, 0xFFF0, 0x0008, 0x000F, 0x000F, 0x0000, 0x00000000, 0x00000000, 0x42, 0x00, 0x0000, 0x16, 0x02, 0x00, 0x00 },
    { 0x11A0, 0x0000, 0xFFCC, 0x0018, 0x0018, 0x0000, "J-BOMB", 0x80302CE4, 0x00, 0x00, 0x001E, 0x04, 0x07, 0x00, 0x00 },
     { 0x10A0, 0x0000, 0x0014, 0x0010, 0x0010, 0x0000, "USE A TO THRUST", 0x80302CF0, 0x00, 0x00, 0x001E, 0x07, 0x07, 0x00, 0x00 }, { 0x10A0, 0x0000, 0x0026, 0x0010, 0x0010, 0x0000, "J-BOMB INTO THE", 0x80302CF4, 0x00, 0x00, 0x001E, 0x07, 0x07, 0x00, 0x00 }, { 0x10A0, 0x0000, 0x0038, 0x0010, 0x0010, 0x0000, "AIR OVER A TARGET ...", 0x80302D08, 0x00, 0x00, 0x001E, 0x07, 0x07, 0x00, 0x00 },
    { 0x10A0, 0x0000, 0x004A, 0x0010, 0x0010, 0x0000, 0x00000000, 0x80302D14, 0x00, 0x00, 0x001E, 0x07, 0x07, 0x00, 0x00 },
     { 0x10A0, 0x0000, 0x005C, 0x0010, 0x0010, 0x0000, "THEN HIT B TO", 0x80302D28, 0x00, 0x00, 0x001E, 0x07, 0x07, 0x00, 0x00 }, { 0x10A0, 0x0000, 0x006E, 0x0010, 0x0010, 0x0000, "DIVE EARTHWARDS", 0x80302D2C, 0x00, 0x00, 0x001E, 0x07, 0x07, 0x00, 0x00 }, { 0x10A0, 0x0000, 0x0080, 0x0010, 0x0010, 0x0000, "FROM A HEIGHT.", 0x80302D40, 0x00, 0x00, 0x001E, 0x07, 0x07, 0x00, 0x00 },
    { 0x0480, 0xFFDC, 0x0026, 0x000F, 0x000F, 0x0000, 0x00000000, 0x00000000, 0x4A, 0x00, 0x0000, 0x16, 0x02, 0x00, 0x00 },
     { 0x1020, 0x0000, 0xFF80, 0x0010, 0x0010, 0x0000, "SURVIVORS ESCAPE WHEN", 0x80302D58, 0x00, 0x00, 0x001E, 0x07, 0x07, 0x00, 0x00 }, { 0x1021, 0x0000, 0xFF92, 0x0010, 0x0010, 0x0000, "THE WALLS AROUND", 0x80302D70, 0x00, 0x00, 0x001E, 0x07, 0x07, 0x00, 0x00 }, { 0x1020, 0x0000, 0xFFA4, 0x0010, 0x0010, 0x0000, "THEM ARE DESTROYED.", 0x80302D84, 0x00, 0x00, 0x001E, 0x07, 0x07, 0x00, 0x00 },
    { 0x1020, 0x0000, 0xFFC8, 0x0010, 0x0010, 0x0000, "CUE THE BLAST CORPS", 0x80302D9C, 0x00, 0x00, 0x001E, 0x07, 0x07, 0x00, 0x00 },
     { 0x1021, 0x0000, 0xFFDA, 0x0010, 0x0010, 0x0000, "CHOPPER, SWOOPING IN", 0x80302DB4, 0x00, 0x00, 0x001E, 0x07, 0x07, 0x00, 0x00 }, { 0x1020, 0x0000, 0xFFEC, 0x0010, 0x0010, 0x0000, "TO PICK THEM UP.", 0x80302DCC, 0x00, 0x00, 0x001E, 0x07, 0x07, 0x00, 0x00 }, { 0x1020, 0x0000, 0x0010, 0x0010, 0x0010, 0x0000, "ONE GOLD COMMENDATION", 0x80302DE4, 0x00, 0x00, 0x001E, 0x07, 0x07, 0x00, 0x00 },
    { 0x1021, 0x0000, 0x0022, 0x0010, 0x0010, 0x0000, "IS GIVEN PER LEVEL", 0x80302DFC, 0x00, 0x00, 0x001E, 0x07, 0x07, 0x00, 0x00 },
     { 0x1020, 0x0000, 0x0034, 0x0010, 0x0010, 0x0000, "FOR PATH CLEARANCE:", 0x80302E14, 0x00, 0x00, 0x001E, 0x07, 0x07, 0x00, 0x00 }, { 0x1020, 0x0000, 0x0058, 0x0010, 0x0010, 0x0000, "THE SECOND REQUIRES", 0x80302E28, 0x00, 0x00, 0x001E, 0x07, 0x07, 0x00, 0x00 }, { 0x1021, 0x0000, 0x006A, 0x0010, 0x0010, 0x0000, "ALL SURVIVORS, RDUS", 0x80302E2C, 0x00, 0x00, 0x001E, 0x07, 0x07, 0x00, 0x00 },
    { 0x1020, 0x0000, 0x007C, 0x0010, 0x0010, 0x0000, "AND TOTAL DESTRUCTION.", 0x80302E30, 0x00, 0x00, 0x001E, 0x07, 0x07, 0x00, 0x00 },
     { 0x0480, 0xFFDC, 0x0026, 0x000F, 0x000F, 0x0000, 0x00000000, 0x00000000, 0x0D, 0x00, 0x0000, 0x16, 0x02, 0x00, 0x00 }, { 0x1061, 0x0000, 0xFF80, 0x0014, 0x0014, 0x0000, "WARNING!", 0x80302E34, 0x00, 0x00, 0x001E, 0x04, 0x04, 0x00, 0x00 }, { 0x1020, 0x0000, 0xFFB6, 0x0010, 0x0010, 0x0000, "SOMETHING IN THE", 0x80302E40, 0x00, 0x00, 0x001E, 0x07, 0x07, 0x00, 0x00 },
    { 0x1021, 0x0000, 0xFFC8, 0x0010, 0x0010, 0x0000, "CARRIER'S PATH", 0x80302E58, 0x00, 0x00, 0x001E, 0x07, 0x07, 0x00, 0x00 },
     { 0x1020, 0x0000, 0xFFDA, 0x0010, 0x0010, 0x0000, "HAS BEEN MISSED!", 0x80302E70, 0x00, 0x00, 0x001E, 0x07, 0x07, 0x00, 0x00 }, { 0x1020, 0x0000, 0xFFFE, 0x0010, 0x0010, 0x0000, "KEEP AN EYE", 0x80302E74, 0x00, 0x00, 0x001E, 0x07, 0x07, 0x00, 0x00 }, { 0x1021, 0x0000, 0x0010, 0x0010, 0x0010, 0x0000, "ON THE LOWER", 0x80302E88, 0x00, 0x00, 0x001E, 0x07, 0x07, 0x00, 0x00 },
    { 0x1020, 0x0000, 0x0022, 0x0010, 0x0010, 0x0000, "LEFT ARROW ...", 0x80302E9C, 0x00, 0x00, 0x001E, 0x07, 0x07, 0x00, 0x00 },
     { 0x1020, 0x0000, 0x0046, 0x0010, 0x0010, 0x0000, "IT CHANGES FROM GREEN", 0x80302EB0, 0x00, 0x00, 0x001E, 0x07, 0x07, 0x00, 0x00 }, { 0x1021, 0x0000, 0x0058, 0x0010, 0x0010, 0x0000, "TO RED AS YOU CLOSE", 0x80302EC8, 0x00, 0x00, 0x001E, 0x07, 0x07, 0x00, 0x00 }, { 0x1020, 0x0000, 0x006A, 0x0010, 0x0010, 0x0000, "IN ON THE CARRIER.", 0x80302EE0, 0x00, 0x00, 0x001E, 0x07, 0x07, 0x00, 0x00 },
    { 0x1020, 0x0000, 0x008E, 0x0010, 0x0010, 0x0000, "USE IT WITH THE RADAR", 0x80302EF4, 0x00, 0x00, 0x001E, 0x07, 0x07, 0x00, 0x00 },
     { 0x1021, 0x0000, 0x00A0, 0x0010, 0x0010, 0x0000, "TO QUICKLY TRACK", 0x80302F08, 0x00, 0x00, 0x001E, 0x07, 0x07, 0x00, 0x00 }, { 0x1020, 0x0000, 0x00B2, 0x0010, 0x0010, 0x0000, "DOWN THE PROBLEM:", 0x80302F1C, 0x00, 0x00, 0x001E, 0x07, 0x07, 0x00, 0x00 }, { 0x1020, 0x0000, 0x00D6, 0x0010, 0x0010, 0x0000, "RED INDICATES THE", 0x80302F30, 0x00, 0x00, 0x001E, 0x07, 0x07, 0x00, 0x00 },
    { 0x1021, 0x0000, 0x00E8, 0x0010, 0x0010, 0x0000, "CARRIER, BLUE THE NEXT", 0x80302F44, 0x00, 0x00, 0x001E, 0x07, 0x07, 0x00, 0x00 },
     { 0x1020, 0x0000, 0x00FA, 0x0010, 0x0010, 0x0000, "BUILDING IN ITS PATH.", 0x80302F54, 0x00, 0x00, 0x001E, 0x07, 0x07, 0x00, 0x00 }, { 0x0480, 0xFFDC, 0x0026, 0x000F, 0x000F, 0x0000, 0x00000000, 0x00000000, 0x4A, 0x00, 0x0000, 0x16, 0x02, 0x00, 0x00 }, { 0x1020, 0x0000, 0xFFB6, 0x0010, 0x0010, 0x0000, "CONGRATULATIONS!", 0x80302F64, 0x00, 0x00, 0x001E, 0x07, 0x07, 0x00, 0x00 },
    { 0x1021, 0x0000, 0xFFC8, 0x0010, 0x0010, 0x0000, "THIS IS ONE OF", 0x80302F74, 0x00, 0x00, 0x001E, 0x07, 0x07, 0x00, 0x00 },
     { 0x1020, 0x0000, 0xFFDA, 0x0010, 0x0010, 0x0000, "THE BONUS VEHICLES.", 0x80302F8C, 0x00, 0x00, 0x001E, 0x07, 0x07, 0x00, 0x00 }, { 0x1020, 0x0000, 0xFFFE, 0x0010, 0x0010, 0x0000, "THEY ARE", 0x80302F90, 0x1E, 0x00, 0x0007, 0x07, 0x00, 0x00, 0x00 }, { 0x1021, 0x0000, 0x0010, 0x0010, 0x0010, 0x0000, "MOST USEFUL IN", 0x80302FA0, 0x00, 0x00, 0x001E, 0x07, 0x07, 0x00, 0x00 },
    { 0x1020, 0x0000, 0x0022, 0x0010, 0x0010, 0x0000, "TRAINING STAGES:", 0x80302FB0, 0x00, 0x00, 0x001E, 0x07, 0x07, 0x00, 0x00 },
     { 0x1020, 0x0000, 0x0046, 0x0010, 0x0010, 0x0000, "ACCESS THESE", 0x80302FB4, 0x00, 0x00, 0x001E, 0x07, 0x07, 0x00, 0x00 }, { 0x1021, 0x0000, 0x0058, 0x0010, 0x0010, 0x0000, "VIA THE LEVEL'S", 0x80302FCC, 0x00, 0x00, 0x001E, 0x07, 0x07, 0x00, 0x00 }, { 0x1020, 0x0000, 0x006A, 0x0010, 0x0010, 0x0000, "COMMUNICATION POINTS.", 0x80302FE0, 0x00, 0x00, 0x001E, 0x07, 0x07, 0x00, 0x00 },
    { 0x0480, 0xFFDC, 0x0026, 0x000F, 0x000F, 0x0000, 0x00000000, 0x00000000, 0x4A, 0x00, 0x0000, 0x16, 0x02, 0x00, 0x00 },
     { 0x1024, 0x0000, 0x0000, 0x0010, 0x0010, 0x0000, "PATH CLEARED!", 0x80302FF0, 0x00, 0x00, 0x001E, 0x12, 0x12, 0x00, 0x00 }, { 0x1021, 0x0000, 0x0012, 0x0010, 0x0010, 0x0000, "YOUR PRIMARY MISSION", 0x80303004, 0x00, 0x00, 0x001E, 0x07, 0x07, 0x00, 0x00 }, { 0x1020, 0x0000, 0x0024, 0x0010, 0x0010, 0x0000, "HERE IS COMPLETE.", 0x80303014, 0x00, 0x00, 0x001E, 0x07, 0x07, 0x00, 0x00 },
    { 0x1020, 0x0000, 0x0048, 0x0010, 0x0010, 0x0000, "THE BLAST CORPS", 0x8030302C, 0x00, 0x00, 0x001E, 0x07, 0x07, 0x00, 0x00 },
     { 0x1021, 0x0000, 0x005A, 0x0010, 0x0010, 0x0000, "SEMI ALLOWS YOU", 0x80303040, 0x00, 0x00, 0x001E, 0x07, 0x07, 0x00, 0x00 }, { 0x1020, 0x0000, 0x006C, 0x0010, 0x0010, 0x0000, "TO EXIT THE LEVEL.", 0x80303058, 0x00, 0x00, 0x001E, 0x07, 0x07, 0x00, 0x00 }, { 0x1020, 0x0000, 0x0090, 0x0010, 0x0010, 0x0000, "MOVE BETWEEN", 0x80303070, 0x00, 0x00, 0x001E, 0x07, 0x07, 0x00, 0x00 },
    { 0x1021, 0x0000, 0x00A2, 0x0010, 0x0010, 0x0000, "VEHICLES WITH", 0x80303084, 0x00, 0x00, 0x001E, 0x07, 0x07, 0x00, 0x00 },
     { 0x1020, 0x0000, 0x00B4, 0x0010, 0x0010, 0x0000, "THE Z BUTTON.", 0x80303098, 0x00, 0x00, 0x001E, 0x07, 0x07, 0x00, 0x00 }, { 0x1020, 0x0000, 0x00D8, 0x0010, 0x0010, 0x0000, "SPARE TIME CAN BE", 0x8030309C, 0x00, 0x00, 0x001E, 0x07, 0x07, 0x00, 0x00 }, { 0x1021, 0x0000, 0x00EA, 0x0010, 0x0010, 0x0000, "USED TO FIND RDUS AND", 0x803030B4, 0x00, 0x00, 0x001E, 0x07, 0x07, 0x00, 0x00 },
    { 0x1020, 0x0000, 0x00FC, 0x0010, 0x0010, 0x0000, "DESTROY BUILDINGS ...", 0x803030CC, 0x00, 0x00, 0x001E, 0x07, 0x07, 0x00, 0x00 },
     { 0x1020, 0x0000, 0x0120, 0x0010, 0x0010, 0x0000, "RETURN IF NECESSARY", 0x803030E4, 0x00, 0x00, 0x001E, 0x07, 0x07, 0x00, 0x00 }, { 0x1021, 0x0000, 0x0132, 0x0010, 0x0010, 0x0000, "AFTER CHECKING", 0x803030F8, 0x00, 0x00, 0x001E, 0x07, 0x07, 0x00, 0x00 }, { 0x1020, 0x0000, 0x0144, 0x0010, 0x0010, 0x0000, "YOUR PERFORMANCE.", 0x8030310C, 0x00, 0x00, 0x001E, 0x07, 0x07, 0x00, 0x00 },
    { 0x0480, 0xFFDC, 0x0026, 0x000F, 0x000F, 0x0000, 0x00000000, 0x00000000, 0x4A, 0x00, 0x0000, 0x16, 0x02, 0x00, 0x00 },
     { 0x1020, 0x0000, 0x0000, 0x0010, 0x0010, 0x0000, "USE Z TO GET OUT", 0x80303124, 0x00, 0x00, 0x001E, 0x07, 0x07, 0x00, 0x00 }, { 0x1021, 0x0000, 0x0012, 0x0010, 0x0010, 0x0000, "OF ONE VEHICLE", 0x80303138, 0x00, 0x00, 0x001E, 0x07, 0x07, 0x00, 0x00 }, { 0x1020, 0x0000, 0x0024, 0x0010, 0x0010, 0x0000, "AND COMMANDEER ANOTHER.", 0x8030314C, 0x00, 0x00, 0x001E, 0x07, 0x07, 0x00, 0x00 },
    { 0x0480, 0xFFDC, 0x0026, 0x000F, 0x000F, 0x0000, 0x00000000, 0x00000000, 0x4A, 0x00, 0x0000, 0x16, 0x02, 0x00, 0x00 },
     { 0x1020, 0x0000, 0x0000, 0x0010, 0x0010, 0x0000, "THE DESTRUCTION OF", 0x80303160, 0x00, 0x00, 0x001E, 0x07, 0x07, 0x00, 0x00 }, { 0x1021, 0x0000, 0x0012, 0x0010, 0x0010, 0x0000, "THIS BUILDING", 0x80303174, 0x00, 0x00, 0x001E, 0x07, 0x07, 0x00, 0x00 }, { 0x1020, 0x0000, 0x0024, 0x0010, 0x0010, 0x0000, "IS ESSENTIAL!", 0x80303184, 0x00, 0x00, 0x001E, 0x07, 0x07, 0x00, 0x00 },
    { 0x1020, 0x0000, 0x0048, 0x0010, 0x0010, 0x0000, "FLASHING ARROWS", 0x80303188, 0x00, 0x00, 0x001E, 0x07, 0x07, 0x00, 0x00 },
     { 0x1021, 0x0000, 0x005A, 0x0010, 0x0010, 0x0000, "MEAN IT STANDS IN", 0x80303198, 0x00, 0x00, 0x001E, 0x07, 0x07, 0x00, 0x00 }, { 0x1020, 0x0000, 0x006C, 0x0010, 0x0010, 0x0000, "THE CARRIER'S PATH.", 0x803031B0, 0x00, 0x00, 0x001E, 0x07, 0x07, 0x00, 0x00 }, { 0x1020, 0x0000, 0x0090, 0x0010, 0x0010, 0x0000, "AS DANGER CLOSES IN,", 0x803031C8, 0x00, 0x00, 0x001E, 0x07, 0x07, 0x00, 0x00 },
    { 0x1021, 0x0000, 0x00A2, 0x0010, 0x0010, 0x0000, "THE ARROWS CHANGE", 0x803031D8, 0x00, 0x00, 0x001E, 0x07, 0x07, 0x00, 0x00 },
     { 0x1020, 0x0000, 0x00B4, 0x0010, 0x0010, 0x0000, "FROM GREEN TO RED.", 0x803031EC, 0x00, 0x00, 0x001E, 0x07, 0x07, 0x00, 0x00 }, { 0x0480, 0xFFDC, 0x0026, 0x000F, 0x000F, 0x0000, 0x00000000, 0x00000000, 0x4A, 0x00, 0x0000, 0x16, 0x02, 0x00, 0x00 }, { 0x1020, 0x0000, 0x0000, 0x0010, 0x0010, 0x0000, "THIS IS A PERIPHERY", 0x803031FC, 0x00, 0x00, 0x001E, 0x07, 0x07, 0x00, 0x00 },
    { 0x1021, 0x0000, 0x0012, 0x0010, 0x0010, 0x0000, "STRUCTURE : CRUSHING", 0x8030320C, 0x00, 0x00, 0x001E, 0x07, 0x07, 0x00, 0x00 },
     { 0x1020, 0x0000, 0x0024, 0x0010, 0x0010, 0x0000, "IT IS NOT VITAL.", 0x80303220, 0x00, 0x00, 0x001E, 0x07, 0x07, 0x00, 0x00 }, { 0x1020, 0x0000, 0x0048, 0x0010, 0x0010, 0x0000, "THEN AGAIN, IT'S FUN", 0x80303234, 0x00, 0x00, 0x001E, 0x07, 0x07, 0x00, 0x00 }, { 0x1021, 0x0000, 0x005A, 0x0010, 0x0010, 0x0000, "- AND MIGHT REVEAL", 0x80303248, 0x00, 0x00, 0x001E, 0x07, 0x07, 0x00, 0x00 },
    { 0x1020, 0x0000, 0x006C, 0x0010, 0x0010, 0x0000, "A SURPRISE OR TWO ...", 0x8030325C, 0x00, 0x00, 0x001E, 0x07, 0x07, 0x00, 0x00 },
     { 0x0480, 0xFFDC, 0x0026, 0x000F, 0x000F, 0x0000, 0x00000000, 0x00000000, 0x4A, 0x00, 0x0000, 0x16, 0x02, 0x00, 0x00 }, { 0x1020, 0x0000, 0x0000, 0x0010, 0x0010, 0x0000, "LEVELING EVERYTHING", 0x80303270, 0x00, 0x00, 0x001E, 0x07, 0x07, 0x00, 0x00 }, { 0x1021, 0x0000, 0x0012, 0x0010, 0x0010, 0x0000, "HELPS YOU GAIN", 0x80303288, 0x00, 0x00, 0x001E, 0x07, 0x07, 0x00, 0x00 },
    { 0x1020, 0x0000, 0x0024, 0x0010, 0x0010, 0x0000, "A COMMENDATION.", 0x8030329C, 0x00, 0x00, 0x001E, 0x07, 0x07, 0x00, 0x00 },
     { 0x1020, 0x0000, 0x0048, 0x0010, 0x0010, 0x0000, "HOWEVER, IT'S A", 0x803032B4, 0x00, 0x00, 0x001E, 0x07, 0x07, 0x00, 0x00 }, { 0x1021, 0x0000, 0x005A, 0x0010, 0x0010, 0x0000, "SECONDARY OBJECTIVE", 0x803032C8, 0x00, 0x00, 0x001E, 0x07, 0x07, 0x00, 0x00 }, { 0x1020, 0x0000, 0x006C, 0x0010, 0x0010, 0x0000, "TO CLEARING THE WAY.", 0x803032E0, 0x00, 0x00, 0x001E, 0x07, 0x07, 0x00, 0x00 },
    { 0x1020, 0x0000, 0x0090, 0x0010, 0x0010, 0x0000, "CONCENTRATE ON THE", 0x803032E4, 0x00, 0x00, 0x001E, 0x07, 0x07, 0x00, 0x00 },
     { 0x1021, 0x0000, 0x00A2, 0x0010, 0x0010, 0x0000, "ARROWED BUILDINGS AS", 0x803032F8, 0x00, 0x00, 0x001E, 0x07, 0x07, 0x00, 0x00 }, { 0x1020, 0x0000, 0x00B4, 0x0010, 0x0010, 0x0000, "THE CARRIER PASSES ...", 0x80303304, 0x00, 0x00, 0x001E, 0x07, 0x07, 0x00, 0x00 }, { 0x1020, 0x0000, 0x00D8, 0x0010, 0x0010, 0x0000, "PLENTY OF TIME TO", 0x80303318, 0x00, 0x00, 0x001E, 0x07, 0x07, 0x00, 0x00 },
    { 0x1021, 0x0000, 0x00EA, 0x0010, 0x0010, 0x0000, "COME BACK LATER", 0x8030331C, 0x00, 0x00, 0x001E, 0x07, 0x07, 0x00, 0x00 },
     { 0x1020, 0x0000, 0x00FC, 0x0010, 0x0010, 0x0000, "AND FINISH THE JOB.", 0x80303320, 0x00, 0x00, 0x001E, 0x07, 0x07, 0x00, 0x00 }, { 0x0480, 0xFFDC, 0x0026, 0x000F, 0x000F, 0x0000, 0x00000000, 0x00000000, 0x4A, 0x00, 0x0000, 0x16, 0x02, 0x00, 0x00 }, { 0x1020, 0x0000, 0x0000, 0x0010, 0x0010, 0x0000, "USE Z TO GET OUT", 0x80303324, 0x00, 0x00, 0x001E, 0x07, 0x07, 0x00, 0x00 },
    { 0x1021, 0x0000, 0x0012, 0x0010, 0x0010, 0x0000, "OF ONE VEHICLE", 0x80303338, 0x00, 0x00, 0x001E, 0x07, 0x07, 0x00, 0x00 },
     { 0x1020, 0x0000, 0x0024, 0x0010, 0x0010, 0x0000, "AND COMMANDEER ANOTHER.", 0x8030334C, 0x00, 0x00, 0x001E, 0x07, 0x07, 0x00, 0x00 }, { 0x1020, 0x0000, 0x0048, 0x0010, 0x0010, 0x0000, "BUT CLEAR A PATH FOR", 0x80303360, 0x00, 0x00, 0x001E, 0x07, 0x07, 0x00, 0x00 }, { 0x1021, 0x0000, 0x005A, 0x0010, 0x0010, 0x0000, "THE CARRIER BEFORE", 0x80303378, 0x00, 0x00, 0x001E, 0x07, 0x07, 0x00, 0x00 },
    { 0x1020, 0x0000, 0x006C, 0x0010, 0x0010, 0x0000, "GOING OFF TO EXPLORE!", 0x8030338C, 0x00, 0x00, 0x001E, 0x07, 0x07, 0x00, 0x00 },
     { 0x0480, 0xFFDC, 0x0026, 0x000F, 0x000F, 0x0000, 0x00000000, 0x00000000, 0x4A, 0x00, 0x0000, 0x16, 0x02, 0x00, 0x00 }, { 0x1020, 0x0000, 0x0000, 0x0010, 0x0010, 0x0000, "THE CRANE CAN MOVE", 0x8030339C, 0x00, 0x00, 0x001E, 0x07, 0x07, 0x00, 0x00 }, { 0x1021, 0x0000, 0x0012, 0x0010, 0x0010, 0x0000, "OBJECTS TO PREVIOUSLY", 0x803033B0, 0x00, 0x00, 0x001E, 0x07, 0x07, 0x00, 0x00 },
    { 0x1020, 0x0000, 0x0024, 0x0010, 0x0010, 0x0000, "INACCESSIBLE PLACES.", 0x803033C0, 0x00, 0x00, 0x001E, 0x07, 0x07, 0x00, 0x00 },
     { 0x1020, 0x0000, 0x0048, 0x0010, 0x0010, 0x0000, "LOAD IT UP THEN", 0x803033D0, 0x00, 0x00, 0x001E, 0x07, 0x07, 0x00, 0x00 }, { 0x1021, 0x0000, 0x005A, 0x0010, 0x0010, 0x0000, "HEAD FOR THE", 0x803033E4, 0x00, 0x00, 0x001E, 0x07, 0x07, 0x00, 0x00 }, { 0x1020, 0x0000, 0x006C, 0x0010, 0x0010, 0x0000, "CONTROLS IN THE CAB.", 0x803033F0, 0x00, 0x00, 0x001E, 0x07, 0x07, 0x00, 0x00 },
    { 0x0480, 0xFFDC, 0x0026, 0x000F, 0x000F, 0x0000, 0x00000000, 0x00000000, 0x4A, 0x00, 0x0000, 0x16, 0x02, 0x00, 0x00 },
     { 0x1020, 0x0000, 0x0000, 0x0010, 0x0010, 0x0000, "COLLECT AMMO BOXES", 0x80303400, 0x00, 0x00, 0x001E, 0x07, 0x07, 0x00, 0x00 }, { 0x1021, 0x0000, 0x0012, 0x0010, 0x0010, 0x0000, "AND YOU CAN BLAST", 0x80303410, 0x00, 0x00, 0x001E, 0x07, 0x07, 0x00, 0x00 }, { 0x1020, 0x0000, 0x0024, 0x0010, 0x0010, 0x0000, "YOUR WAY THROUGH.", 0x80303420, 0x00, 0x00, 0x001E, 0x07, 0x07, 0x00, 0x00 },
    { 0x0480, 0xFFDC, 0x0026, 0x000F, 0x000F, 0x0000, 0x00000000, 0x00000000, 0x4A, 0x00, 0x0000, 0x16, 0x02, 0x00, 0x00 },
     { 0x1020, 0x0000, 0x0000, 0x0010, 0x0010, 0x0000, "YOU COULD STOP", 0x80303424, 0x00, 0x00, 0x001E, 0x07, 0x07, 0x00, 0x00 }, { 0x1021, 0x0000, 0x0012, 0x0010, 0x0010, 0x0000, "THE TRAIN AT", 0x80303428, 0x00, 0x00, 0x001E, 0x07, 0x07, 0x00, 0x00 }, { 0x1020, 0x0000, 0x0024, 0x0010, 0x0010, 0x0000, "THIS STATION.", 0x80303438, 0x00, 0x00, 0x001E, 0x07, 0x07, 0x00, 0x00 },
    { 0x1020, 0x0000, 0x0048, 0x0010, 0x0010, 0x0000, "WAIT FOR THE SMILEY", 0x8030343C, 0x00, 0x00, 0x001E, 0x07, 0x07, 0x00, 0x00 },
     { 0x1021, 0x0000, 0x005A, 0x0010, 0x0010, 0x0000, "BEFORE ATTEMPTING TO", 0x80303450, 0x00, 0x00, 0x001E, 0x07, 0x07, 0x00, 0x00 }, { 0x1020, 0x0000, 0x006C, 0x0010, 0x0010, 0x0000, "LOAD OR UNLOAD.", 0x8030345C, 0x00, 0x00, 0x001E, 0x07, 0x07, 0x00, 0x00 }, { 0x0480, 0xFFDC, 0x0026, 0x000F, 0x000F, 0x0000, 0x00000000, 0x00000000, 0x4A, 0x00, 0x0000, 0x16, 0x02, 0x00, 0x00 },
    { 0x1020, 0x0000, 0x0000, 0x0010, 0x0010, 0x0000, "TNT CRATES CAN BE", 0x80303470, 0x00, 0x00, 0x001E, 0x07, 0x07, 0x00, 0x00 },
     { 0x1021, 0x0000, 0x0012, 0x0010, 0x0010, 0x0000, "PUSHED AROUND USING", 0x80303488, 0x00, 0x00, 0x001E, 0x07, 0x07, 0x00, 0x00 }, { 0x1020, 0x0000, 0x0024, 0x0010, 0x0010, 0x0000, "RAMDOZER'S SHOVEL.", 0x803034A0, 0x00, 0x00, 0x001E, 0x07, 0x07, 0x00, 0x00 }, { 0x1020, 0x0000, 0x0048, 0x0010, 0x0010, 0x0000, "BUT THEY WON'T BE", 0x803034B8, 0x00, 0x00, 0x001E, 0x07, 0x07, 0x00, 0x00 },
    { 0x1021, 0x0000, 0x005A, 0x0010, 0x0010, 0x0000, "STABLE FOR LONG ...", 0x803034D0, 0x00, 0x00, 0x001E, 0x07, 0x07, 0x00, 0x00 },
     { 0x0480, 0xFFDC, 0x0026, 0x000F, 0x000F, 0x0000, 0x00000000, 0x00000000, 0x4A, 0x00, 0x0000, 0x16, 0x02, 0x00, 0x00 }, { 0x1020, 0x0000, 0x0000, 0x0010, 0x0010, 0x0000, "SELECT START THEN", 0x803034DC, 0x00, 0x00, 0x001E, 0x07, 0x07, 0x00, 0x00 }, { 0x1021, 0x0000, 0x0012, 0x0010, 0x0010, 0x0000, "VIEW STATS TO CHECK", 0x803034EC, 0x00, 0x00, 0x001E, 0x07, 0x07, 0x00, 0x00 },
    { 0x1020, 0x0000, 0x0024, 0x0010, 0x0010, 0x0000, "STATUS OF LEVEL.", 0x803034FC, 0x00, 0x00, 0x001E, 0x07, 0x07, 0x00, 0x00 },
     { 0x0480, 0xFFDC, 0x0026, 0x000F, 0x000F, 0x0000, 0x00000000, 0x00000000, 0x4A, 0x00, 0x0000, 0x16, 0x02, 0x00, 0x00 }, { 0x1020, 0x0000, 0x0000, 0x0010, 0x0010, 0x0000, "THE TRAIN CAN HELP", 0x80303514, 0x00, 0x00, 0x001E, 0x07, 0x07, 0x00, 0x00 }, { 0x1021, 0x0000, 0x0012, 0x0010, 0x0010, 0x0000, "TRANSPORT RAMDOZER", 0x80303520, 0x00, 0x00, 0x001E, 0x07, 0x07, 0x00, 0x00 },
    { 0x1020, 0x0000, 0x0024, 0x0010, 0x0010, 0x0000, "TO THE STATION.", 0x80303534, 0x00, 0x00, 0x001E, 0x07, 0x07, 0x00, 0x00 },
     { 0x0480, 0xFFDC, 0x0026, 0x000F, 0x000F, 0x0000, 0x00000000, 0x00000000, 0x4A, 0x00, 0x0000, 0x16, 0x02, 0x00, 0x00 }, { 0x1020, 0x0000, 0x0000, 0x0010, 0x0010, 0x0000, "PRESSING START WILL", 0x80303544, 0x00, 0x00, 0x001E, 0x07, 0x07, 0x00, 0x00 }, { 0x1021, 0x0000, 0x0012, 0x0010, 0x0010, 0x0000, "ALLOW YOU TO VIEW THE", 0x8030355C, 0x00, 0x00, 0x001E, 0x07, 0x07, 0x00, 0x00 },
    { 0x1020, 0x0000, 0x0024, 0x0010, 0x0010, 0x0000, "MISSILE CARRIER'S PATH.", 0x80303574, 0x00, 0x00, 0x001E, 0x07, 0x07, 0x00, 0x00 },
     { 0x00A0, 0xFFDC, 0x0022, 0x0016, 0x0016, 0x0000, 0x00000000, 0x00000000, 0x3D, 0x00, 0x0000, 0x07, 0x02, 0x00, 0x00 }, { 0x0020, 0x0000, 0x003C, 0x0013, 0x0013, 0x0000, 0x00000000, 0x00000000, 0x00, 0x00, 0x001E, 0x07, 0x04, 0x00, 0x00 }, { 0x00D1, 0x0030, 0x0054, 0x001D, 0x001D, 0x0000, "NO", 0x80301098, 0x00, 0x00, 0x001E, 0x08, 0x04, 0x00, 0x00 },
    { 0x00D1, 0x00B4, 0x0054, 0x001D, 0x001D, 0x0000, "YES", 0x803010A0, 0x00, 0x00, 0x001E, 0x08, 0x04, 0x00, 0x00 },
     { 0x10A4, 0x0000, 0xFF6E, 0x0016, 0x0016, 0x0000, "CONGRATULATIONS!!", 0x80301488, 0x00, 0x00, 0x001E, 0x12, 0x06, 0x00, 0x00 }, { 0x10A0, 0x0000, 0x0000, 0x0010, 0x0010, 0x0000, "HAVING DEMONSTRATED", 0x80301498, 0x00, 0x00, 0x001E, 0x06, 0x06, 0x00, 0x00 }, { 0x10A0, 0x0000, 0x0012, 0x0010, 0x0010, 0x0000, "VERSATILITY AND RELIABILITY", 0x803014B0, 0x00, 0x00, 0x001E, 0x06, 0x06, 0x00, 0x00 },
    { 0x10A0, 0x0000, 0x0024, 0x0010, 0x0010, 0x0000, "WELL BEYOND THE CALL OF", 0x803014C4, 0x00, 0x00, 0x001E, 0x06, 0x06, 0x00, 0x00 },
     { 0x10A0, 0x0000, 0x0036, 0x0010, 0x0010, 0x0000, "DUTY, THE BLAST CORPS", 0x803014DC, 0x00, 0x00, 0x001E, 0x06, 0x06, 0x00, 0x00 }, { 0x10A0, 0x0000, 0x0048, 0x0010, 0x0010, 0x0000, "TEAM CAN FINALLY TAKE", 0x803014FC, 0x00, 0x00, 0x001E, 0x06, 0x06, 0x00, 0x00 }, { 0x10A0, 0x0000, 0x005A, 0x0010, 0x0010, 0x0000, "THAT WELL-DESERVED HOLIDAY.", 0x80301518, 0x00, 0x00, 0x001E, 0x06, 0x06, 0x00, 0x00 },
    { 0x10A0, 0x0000, 0x006C, 0x0010, 0x0010, 0x0000, 0x00000000, 0x80301530, 0x00, 0x00, 0x001E, 0x06, 0x06, 0x00, 0x00 },
     { 0x10A0, 0x0000, 0x007E, 0x0010, 0x0010, 0x0000, 0x00000000, 0x80301534, 0x00, 0x00, 0x001E, 0x06, 0x06, 0x00, 0x00 }, { 0x10A0, 0x0000, 0x0090, 0x0010, 0x0010, 0x0000, 0x00000000, 0x80301538, 0x00, 0x00, 0x001E, 0x06, 0x06, 0x00, 0x00 }, { 0x10A0, 0x0000, 0x00A2, 0x0010, 0x0010, 0x0000, "WHEN THEY GET BACK THEY'LL", 0x8030153C, 0x00, 0x00, 0x001E, 0x06, 0x06, 0x00, 0x00 },
    { 0x10A0, 0x0000, 0x00B4, 0x0010, 0x0010, 0x0000, "FIND THE OFFERS AND DEALS", 0x80301540, 0x00, 0x00, 0x001E, 0x06, 0x06, 0x00, 0x00 },
     { 0x10A0, 0x0000, 0x00C6, 0x0010, 0x0010, 0x0000, "STILL FLOODING IN,", 0x80301558, 0x00, 0x00, 0x001E, 0x06, 0x06, 0x00, 0x00 }, { 0x10A0, 0x0000, 0x00D8, 0x0010, 0x0010, 0x0000, "KEEPING THEM IN THEIR", 0x80301570, 0x00, 0x00, 0x001E, 0x06, 0x06, 0x00, 0x00 }, { 0x10A0, 0x0000, 0x00EA, 0x0010, 0x0010, 0x0000, "CHOSEN LINE OF WORK", 0x80301588, 0x00, 0x00, 0x001E, 0x06, 0x06, 0x00, 0x00 },
    { 0x10A0, 0x0000, 0x00FC, 0x0010, 0x0010, 0x0000, "FOR MANY YEARS TO COME ...", 0x803015A4, 0x00, 0x00, 0x001E, 0x06, 0x06, 0x00, 0x00 },
     { 0x10A0, 0x0000, 0x010E, 0x0010, 0x0010, 0x0000, 0x00000000, 0x803015A8, 0x00, 0x00, 0x001E, 0x06, 0x06, 0x00, 0x00 }, { 0x10A0, 0x0000, 0x0120, 0x0010, 0x0010, 0x0000, 0x00000000, 0x803015AC, 0x00, 0x00, 0x001E, 0x06, 0x06, 0x00, 0x00 }, { 0x10A0, 0x0000, 0x0132, 0x0010, 0x0010, 0x0000, 0x00000000, 0x803015B0, 0x00, 0x00, 0x001E, 0x06, 0x06, 0x00, 0x00 },
    { 0x10A0, 0x0000, 0x0144, 0x0010, 0x0010, 0x0000, "MAYBE AT SOME POINT EVEN", 0x803015C8, 0x00, 0x00, 0x001E, 0x06, 0x06, 0x00, 0x00 },
     { 0x10A0, 0x0000, 0x0156, 0x0010, 0x0010, 0x0000, "LEADING THEM BACK INTO", 0x803015E4, 0x00, 0x00, 0x001E, 0x06, 0x06, 0x00, 0x00 }, { 0x10A0, 0x0000, 0x0168, 0x0010, 0x0010, 0x0000, "THE FIELD OF MILITARY", 0x80301600, 0x00, 0x00, 0x001E, 0x06, 0x06, 0x00, 0x00 }, { 0x10A0, 0x0000, 0x017A, 0x0010, 0x0010, 0x0000, "OPERATIONS - BUT THIS", 0x80301620, 0x00, 0x00, 0x001E, 0x06, 0x06, 0x00, 0x00 },
    { 0x10A0, 0x0000, 0x018C, 0x0010, 0x0010, 0x0000, "TIME FOR A CONSIDERABLY", 0x80301634, 0x00, 0x00, 0x001E, 0x06, 0x06, 0x00, 0x00 },
     { 0x10A0, 0x0000, 0x019E, 0x0010, 0x0010, 0x0000, "NOBLER CAUSE.", 0x80301638, 0x00, 0x00, 0x001E, 0x06, 0x06, 0x00, 0x00 }, { 0x10A0, 0x0000, 0x01B0, 0x0010, 0x0010, 0x0000, 0x00000000, 0x8030163C, 0x00, 0x00, 0x001E, 0x06, 0x06, 0x00, 0x00 }, { 0x10A0, 0x0000, 0x01C2, 0x0010, 0x0010, 0x0000, 0x00000000, 0x80301640, 0x00, 0x00, 0x001E, 0x06, 0x06, 0x00, 0x00 },
    { 0x10A0, 0x0000, 0x01D4, 0x0010, 0x0010, 0x0000, 0x00000000, 0x8030165C, 0x00, 0x00, 0x001E, 0x06, 0x06, 0x00, 0x00 },
     { 0x10A0, 0x0000, 0x01E6, 0x0010, 0x0010, 0x0000, "ALL THAT, THOUGH, CAN WAIT.", 0x80301674, 0x00, 0x00, 0x001E, 0x06, 0x06, 0x00, 0x00 }, { 0x10A0, 0x0000, 0x01F8, 0x0010, 0x0010, 0x0000, "WITH THEIR COUNTRY", 0x80301694, 0x00, 0x00, 0x001E, 0x06, 0x06, 0x00, 0x00 }, { 0x10A0, 0x0000, 0x020A, 0x0010, 0x0010, 0x0000, "BREATHING A SIGH OF", 0x803016AC, 0x00, 0x00, 0x001E, 0x06, 0x06, 0x00, 0x00 },
    { 0x10A0, 0x0000, 0x021C, 0x0010, 0x0010, 0x0000, "RELIEF AND THEIR GOOD", 0x803016C4, 0x00, 0x00, 0x001E, 0x06, 0x06, 0x00, 0x00 },
     { 0x10A0, 0x0000, 0x022E, 0x0010, 0x0010, 0x0000, "NAME ASSURED FOR LIFE,", 0x803016C8, 0x00, 0x00, 0x001E, 0x06, 0x06, 0x00, 0x00 }, { 0x10A0, 0x0000, 0x0240, 0x0010, 0x0010, 0x0000, "THE TEAM CAN REST EASY", 0x803016CC, 0x00, 0x00, 0x001E, 0x06, 0x06, 0x00, 0x00 }, { 0x10A0, 0x0000, 0x0252, 0x0010, 0x0010, 0x0000, "FOR A WHILE.", 0x803016D0, 0x00, 0x00, 0x001E, 0x06, 0x06, 0x00, 0x00 },
    { 0x10A0, 0x0000, 0x0264, 0x0010, 0x0010, 0x0000, 0x00000000, 0x803016E4, 0x00, 0x00, 0x001E, 0x06, 0x06, 0x00, 0x00 },
     { 0x10A0, 0x0000, 0x0276, 0x0010, 0x0010, 0x0000, 0x00000000, 0x80301700, 0x00, 0x00, 0x001E, 0x06, 0x06, 0x00, 0x00 }, { 0x10A0, 0x0000, 0x0288, 0x0010, 0x0010, 0x0000, 0x00000000, 0x8030171C, 0x00, 0x00, 0x001E, 0x06, 0x06, 0x00, 0x00 }, { 0x10A0, 0x0000, 0x029A, 0x0010, 0x0010, 0x0000, "UNLESS, OF COURSE, THE", 0x80301720, 0x00, 0x00, 0x001E, 0x06, 0x06, 0x00, 0x00 },
    { 0x10A0, 0x0000, 0x02AC, 0x0010, 0x0010, 0x0000, "LURE OF THE GOLD STANDARD", 0x80301724, 0x00, 0x00, 0x001E, 0x06, 0x06, 0x00, 0x00 },
     { 0x10A0, 0x0000, 0x02BE, 0x0010, 0x0010, 0x0000, "PROVES TOO MUCH ...", 0x80301728, 0x00, 0x00, 0x001E, 0x06, 0x06, 0x00, 0x00 },
     { 0x10A0, 0x0000, 0x02D0, 0x0010, 0x0010, 0x0000, 0x00000000, 0x80301744, 0x00, 0x00, 0x001E, 0x06, 0x06, 0x00, 0x00 },
     { 0x10A0, 0x0000, 0x02E2, 0x0010, 0x0010, 0x0000, 0x00000000, 0x80301760, 0x00, 0x00, 0x001E, 0x06, 0x06, 0x00, 0x00 },
    { 0x10A0, 0x0000, 0x02F4, 0x0010, 0x0010, 0x0000, 0x00000000, 0x8030177C, 0x00, 0x00, 0x001E, 0x06, 0x06, 0x00, 0x00 },
     { 0x10A0, 0x0000, 0x0306, 0x0010, 0x0010, 0x0000, 0x00000000, 0x80301780, 0x00, 0x00, 0x001E, 0x06, 0x06, 0x00, 0x00 },
     { 0x10A0, 0x0000, 0x0318, 0x0010, 0x0010, 0x0000, "PERHAPS THERE ARE", 0x80301784, 0x00, 0x00, 0x001E, 0x06, 0x06, 0x00, 0x00 },
     { 0x10A0, 0x0000, 0x032A, 0x0010, 0x0010, 0x0000, "FURTHER CHALLENGES AWAITING", 0x80301788, 0x00, 0x00, 0x001E, 0x06, 0x06, 0x00, 0x00 },
    { 0x10A0, 0x0000, 0x033C, 0x0010, 0x0010, 0x0000, "THOSE WHO CAN ACHIEVE", 0x8030178C, 0x00, 0x00, 0x001E, 0x06, 0x06, 0x00, 0x00 },
     { 0x10A0, 0x0000, 0x034E, 0x0010, 0x0010, 0x0000, "A PERFECT RECORD ...", 0x80301790, 0x00, 0x00, 0x001E, 0x06, 0x06, 0x00, 0x00 }
};

struct S_802F8BDC D_hd_code_802F8BDC[108] = {
    { 0x0100, 0x00D0, 0x0020, 0x0010, 0xF1000039, 0x0000, 0x0000, 0x0005, 0x001B, 0x001C, 0x001D, 0x0000, 0x00, 0x00 }, { 0x0100, 0x00D0, 0x0020, 0x0010, 0xB1000039, 0x0000, 0x0005, 0x0005, 0x0000, 0x001C, 0x001D, 0x0000, 0x00, 0x00 }, { 0x0100, 0x0020, 0x0020, 0x0024, 0x08000008, 0x0000, 0x000A, 0x0001, 0x0000, 0x0000, 0x0000, 0x0000, 0x00, 0x00 }, { 0x00C0, 0x0020, 0x0040, 0x0024, 0x08000008, 0x0000, 0x000B, 0x0001, 0x001F, 0x0000, 0x0000, 0x0000, 0x00, 0x00 },
    { 0x0100, 0x0080, 0x0020, 0x0038, 0x0000000B, 0x0002, 0x000C, 0x0002, 0x0000, 0x0000, 0x0000, 0x0000, 0x00, 0x00 }, { 0x0110, 0x0080, 0x0018, 0x0038, 0x00000019, 0x0002, 0x000E, 0x0002, 0x0000, 0x0000, 0x0000, 0x0000, 0x00, 0x00 }, { 0x0160, 0x0110, 0xFFF0, 0xFFF0, 0xB14015E8, 0x0003, 0x0010, 0x0009, 0x0000, 0x0000, 0x00E5, 0x0017, 0x00, 0x00 }, { 0x0160, 0x0110, 0xFFF0, 0xFFF0, 0xB14015E8, 0x0002, 0x0019, 0x000A, 0x0000, 0x0000, 0x00E5, 0x0021, 0x00, 0x00 },
    { 0x00C0, 0x0020, 0x0040, 0x00C0, 0x08000008, 0x0002, 0x0023, 0x0001, 0x006B, 0x0000, 0x0000, 0x0000, 0x00, 0x00 }, { 0x0118, 0x0048, 0x0014, 0x0050, 0x00000018, 0x0003, 0x0024, 0x0002, 0x0000, 0x0000, 0x0000, 0x0000, 0x00, 0x00 }, { 0x0140, 0x009D, 0x0000, 0x0055, 0xB0000A28, 0x0000, 0x0002, 0x0005, 0x0000, 0x0000, 0x001D, 0x0000, 0x00, 0x00 }, { 0x0140, 0x00F0, 0x0000, 0x0000, 0x00000A18, 0x0000, 0x0007, 0x0002, 0x0000, 0x001C, 0x00E5, 0x0000, 0x00, 0x00 },
    { 0x0100, 0x0080, 0x0020, 0x0038, 0xB0000878, 0x0000, 0x0009, 0x0004, 0x0000, 0x0000, 0x001D, 0x0000, 0x00, 0x00 }, { 0x0130, 0x0060, 0x0008, 0x0048, 0xB1000468, 0x0000, 0x0026, 0x0003, 0x0000, 0x0000, 0x001D, 0x0000, 0x00, 0x00 }, { 0x0130, 0x0040, 0x0008, 0x0050, 0x00000099, 0x0001, 0x0029, 0x0001, 0x003A, 0x0000, 0x00E5, 0x0000, 0x00, 0x00 }, { 0x0140, 0x00F0, 0x0000, 0x0000, 0xB0001FE8, 0x0000, 0x000D, 0x0009, 0x0000, 0x0000, 0x00E5, 0x0000, 0x00, 0x00 },
    { 0x0140, 0x00F0, 0x0000, 0x0000, 0xB0001FE8, 0x0000, 0x0016, 0x000B, 0x0000, 0x0000, 0x00E5, 0x0000, 0x00, 0x00 }, { 0x0100, 0x0040, 0x0020, 0x0060, 0x00001818, 0x0000, 0x0000, 0x0002, 0x0000, 0x0000, 0x00E5, 0x0000, 0x00, 0x00 }, { 0x01C0, 0x005C, 0xFFC0, 0x0060, 0xB0004C28, 0x0000, 0x0021, 0x0014, 0x0000, 0x0000, 0x00E5, 0x0000, 0x00, 0x00 }, { 0x0140, 0x0090, 0x0000, 0x0030, 0x10001838, 0x0000, 0x0035, 0x0003, 0x0000, 0x0000, 0x00E5, 0x0000, 0x00, 0x00 },
    { 0x00C0, 0x0020, 0x0040, 0x007C, 0xB0000838, 0x0002, 0x0038, 0x0001, 0x0000, 0x0000, 0x00E5, 0x0000, 0x00, 0x00 }, { 0x0100, 0x008C, 0x0038, 0x0032, 0x2005D428, 0x0000, 0x0000, 0x0000, 0x0000, 0x0000, 0x00E5, 0x0000, 0x00, 0x00 }, { 0x0100, 0x00A0, 0x0038, 0x0036, 0xB00BD620, 0x0000, 0x0000, 0x0000, 0x0000, 0x0000, 0x00E5, 0x0000, 0x00, 0x00 }, { 0x0100, 0x0020, 0x0020, 0x00C0, 0x08000008, 0x0002, 0x002A, 0x0001, 0x001F, 0x0000, 0x0000, 0x0000, 0x00, 0x00 },
    { 0x0140, 0x0080, 0x0000, 0x0038, 0x05000888, 0x0005, 0x0039, 0x0003, 0x0000, 0x0000, 0x00E5, 0x0000, 0x00, 0x00 }, { 0x0140, 0x0080, 0x0000, 0x0038, 0x05000888, 0x0005, 0x003C, 0x0003, 0x0000, 0x0000, 0x00E5, 0x0000, 0x00, 0x00 }, { 0x0140, 0x0110, 0x0000, 0xFFF0, 0x01104888, 0x0004, 0x003F, 0x0017, 0x0000, 0x0000, 0x00E5, 0x0000, 0x00, 0x00 }, { 0x0140, 0x00B4, 0x0000, 0x001E, 0x01000888, 0x0005, 0x0056, 0x0005, 0x0000, 0x0000, 0x00E5, 0x0000, 0x00, 0x00 },
    { 0x0140, 0x00F0, 0x0000, 0x0000, 0x05000A00, 0x0007, 0x00B0, 0x0006, 0x0000, 0x0000, 0x00E5, 0x0000, 0x00, 0x00 }, { 0x0140, 0x0110, 0x0000, 0xFFF0, 0x01104808, 0x0002, 0x005B, 0x0017, 0x0000, 0x0000, 0x00E5, 0x0000, 0x00, 0x00 }, { 0x0140, 0x0110, 0x0000, 0xFFF0, 0x01104009, 0x0002, 0x01A9, 0x0031, 0x0000, 0x0000, 0x00E5, 0x0000, 0x00, 0x00 }, { 0x0140, 0x0110, 0x0000, 0xFFF0, 0x01104808, 0x0002, 0x0072, 0x0018, 0x0000, 0x0000, 0x00E5, 0x0000, 0x00, 0x00 },
    { 0x0140, 0x0110, 0x0000, 0xFFF0, 0x01104808, 0x0002, 0x008A, 0x0025, 0x0000, 0x0000, 0x00E5, 0x0000, 0x00, 0x00 }, { 0x0140, 0x0040, 0x0000, 0x0058, 0x00000888, 0x0004, 0x00C4, 0x0001, 0x0000, 0x0000, 0x00E5, 0x0000, 0x00, 0x00 }, { 0x00C0, 0x0040, 0x0040, 0x0058, 0x00000A80, 0x0007, 0x00C5, 0x0001, 0x0000, 0x0000, 0x00E5, 0x0000, 0x00, 0x00 }, { 0x0140, 0x0110, 0x0000, 0xFFF0, 0x00104009, 0x0002, 0x002B, 0x0014, 0x0000, 0x0000, 0x00E5, 0x0000, 0x00, 0x00 },
    { 0x0140, 0x0110, 0x0000, 0xFFF0, 0x00104008, 0x0005, 0x003F, 0x001B, 0x0000, 0x0000, 0x00E5, 0x0000, 0x00, 0x00 }, { 0x0120, 0x00A0, 0x0010, 0x0028, 0x04000088, 0x0009, 0x005A, 0x0004, 0x0000, 0x0000, 0x00E5, 0x0000, 0x00, 0x00 }, { 0x0100, 0x00A0, 0x0020, 0x0028, 0x04000088, 0x0006, 0x005E, 0x0004, 0x0000, 0x0000, 0x00E5, 0x0000, 0x00, 0x00 }, { 0x0100, 0x00A0, 0x0020, 0x0028, 0x05000088, 0x0005, 0x0062, 0x0003, 0x0000, 0x0000, 0x00E5, 0x0000, 0x00, 0x00 },
    { 0x0100, 0x00A0, 0x0020, 0x0028, 0x05000088, 0x0005, 0x0065, 0x0004, 0x0000, 0x0000, 0x00E5, 0x0000, 0x00, 0x00 }, { 0x0140, 0x00A0, 0x0000, 0x0028, 0x05000088, 0x0005, 0x0069, 0x0004, 0x0000, 0x0000, 0x00E5, 0x0000, 0x00, 0x00 }, { 0x0100, 0x00A0, 0x0020, 0x0028, 0x05000088, 0x0005, 0x006D, 0x0003, 0x0000, 0x0000, 0x00E5, 0x0000, 0x00, 0x00 }, { 0x0140, 0x0080, 0x0000, 0x0038, 0x05000008, 0x0007, 0x0070, 0x0006, 0x0000, 0x0000, 0x00E5, 0x0000, 0x00, 0x00 },
    { 0x0140, 0x0080, 0x0000, 0x0038, 0x05000008, 0x0007, 0x0076, 0x0006, 0x0000, 0x0000, 0x00E5, 0x0000, 0x00, 0x00 }, { 0x0140, 0x0080, 0x0000, 0x0038, 0x05000008, 0x0007, 0x007C, 0x0006, 0x0000, 0x0000, 0x00E5, 0x0000, 0x00, 0x00 }, { 0x0140, 0x0080, 0x0000, 0x0038, 0x05000008, 0x0007, 0x0082, 0x0006, 0x0000, 0x0000, 0x00E5, 0x0000, 0x00, 0x00 }, { 0x0140, 0x0080, 0x0000, 0x0038, 0x05000008, 0x0007, 0x0088, 0x0006, 0x0000, 0x0000, 0x00E5, 0x0000, 0x00, 0x00 },
    { 0x0140, 0x0080, 0x0000, 0x0038, 0x05000008, 0x0007, 0x008E, 0x0006, 0x0000, 0x0000, 0x00E5, 0x0000, 0x00, 0x00 }, { 0x0140, 0x0080, 0x0000, 0x0038, 0x05000008, 0x0007, 0x0094, 0x0006, 0x0000, 0x0000, 0x00E5, 0x0000, 0x00, 0x00 }, { 0x0140, 0x0080, 0x0000, 0x0038, 0x05000008, 0x0007, 0x009A, 0x0006, 0x0000, 0x0000, 0x00E5, 0x0000, 0x00, 0x00 }, { 0x0140, 0x0080, 0x0000, 0x0038, 0x05000008, 0x0007, 0x00A0, 0x0006, 0x0000, 0x0000, 0x00E5, 0x0000, 0x00, 0x00 },
    { 0x0140, 0x0080, 0x0000, 0x0038, 0x05000008, 0x0007, 0x00A6, 0x0006, 0x0000, 0x0000, 0x00E5, 0x0000, 0x00, 0x00 }, { 0x0090, 0x0020, 0x0058, 0x00A4, 0x940008A8, 0x0000, 0x00AF, 0x0001, 0x0000, 0x0000, 0x00E5, 0x0000, 0x00, 0x00 }, { 0x0140, 0x0110, 0x0000, 0xFFF0, 0x04000008, 0x0007, 0x00AC, 0x0006, 0x0000, 0x0000, 0x00E5, 0x0000, 0x00, 0x00 }, { 0x0140, 0x0110, 0x0000, 0xFFF0, 0x00104008, 0x0005, 0x00B2, 0x0011, 0x0000, 0x0000, 0x00E5, 0x0000, 0x00, 0x00 },
    { 0x0190, 0x012C, 0xFFD8, 0xFFE2, 0x90021A80, 0x0000, 0x00B6, 0x000E, 0x0000, 0x0000, 0x00E5, 0x0000, 0x00, 0x00 }, { 0x0100, 0x0020, 0x0020, 0x0024, 0x08000088, 0x0003, 0x00C3, 0x0001, 0x0000, 0x0000, 0x0000, 0x0000, 0x00, 0x00 }, { 0x0100, 0x0020, 0x0020, 0x0024, 0x08000088, 0x0003, 0x00C4, 0x0001, 0x0000, 0x0000, 0x0000, 0x0000, 0x00, 0x00 }, { 0x0100, 0x0020, 0x0020, 0x0024, 0x08000088, 0x0003, 0x00C5, 0x0001, 0x0000, 0x0000, 0x0000, 0x0000, 0x00, 0x00 },
    { 0x0100, 0x0020, 0x0020, 0x0024, 0x08000088, 0x0003, 0x00C6, 0x0001, 0x0000, 0x0000, 0x0000, 0x0000, 0x00, 0x00 }, { 0x0100, 0x0020, 0x0020, 0x0024, 0x08000088, 0x0003, 0x00C7, 0x0001, 0x0082, 0x0000, 0x0000, 0x0000, 0x00, 0x00 }, { 0x0100, 0x0040, 0x0020, 0x0050, 0x00000088, 0x0004, 0x00C8, 0x0001, 0x0000, 0x0000, 0x00E5, 0x0000, 0x00, 0x00 }, { 0x0140, 0x00A0, 0x0000, 0x0028, 0x04000088, 0x0003, 0x00C9, 0x0003, 0x0000, 0x0000, 0x00E5, 0x0000, 0x00, 0x00 },
    { 0x00C0, 0x0020, 0x0040, 0x0024, 0x04000008, 0x0000, 0x00CC, 0x0001, 0x00EB, 0x0000, 0x0000, 0x0000, 0x00, 0x00 }, { 0x0120, 0x0050, 0x0028, 0x009C, 0x00905088, 0x0003, 0x00E1, 0x0016, 0x0000, 0x0000, 0x00E5, 0x0000, 0x00, 0x00 }, { 0x0120, 0x0050, 0x0028, 0x009C, 0x00905088, 0x0003, 0x00F7, 0x000E, 0x0000, 0x0000, 0x00E5, 0x0000, 0x00, 0x00 }, { 0x0120, 0x0050, 0x0028, 0x009C, 0x00905088, 0x0003, 0x0105, 0x0009, 0x0000, 0x0000, 0x00E5, 0x0000, 0x00, 0x00 },
    { 0x0120, 0x0050, 0x0028, 0x009C, 0x00905088, 0x0003, 0x010E, 0x0009, 0x0000, 0x0000, 0x00E5, 0x0000, 0x00, 0x00 }, { 0x0120, 0x0050, 0x0028, 0x009C, 0x00905088, 0x0003, 0x0117, 0x0009, 0x0000, 0x0000, 0x00E5, 0x0000, 0x00, 0x00 }, { 0x0100, 0x008C, 0x0038, 0x0032, 0x01255029, 0x0000, 0x00CD, 0x0008, 0x0000, 0x0000, 0x00E5, 0x0000, 0x00, 0x00 }, { 0x0100, 0x008C, 0x0038, 0x0032, 0x01255029, 0x0000, 0x00D5, 0x000C, 0x0000, 0x005E, 0x00E5, 0x0000, 0x00, 0x00 },
    { 0x0100, 0x008C, 0x0038, 0x0032, 0x01255029, 0x0000, 0x0120, 0x000D, 0x0000, 0x0000, 0x00E5, 0x0000, 0x00, 0x00 }, { 0x0100, 0x008C, 0x0038, 0x0032, 0x02055029, 0x0000, 0x012D, 0x0011, 0x0000, 0x0000, 0x00E5, 0x0000, 0x00, 0x00 }, { 0x0100, 0x008C, 0x0038, 0x0032, 0x01255029, 0x0000, 0x013E, 0x000A, 0x0000, 0x0000, 0x00E5, 0x0000, 0x00, 0x00 }, { 0x0100, 0x008C, 0x0038, 0x0032, 0x02055029, 0x0000, 0x0148, 0x0010, 0x0000, 0x0000, 0x00E5, 0x0000, 0x00, 0x00 },
    { 0x0100, 0x008C, 0x0038, 0x0032, 0x01255029, 0x0000, 0x0158, 0x0004, 0x0000, 0x0000, 0x00E5, 0x0000, 0x00, 0x00 }, { 0x0100, 0x008C, 0x0038, 0x0032, 0x03055029, 0x0000, 0x015C, 0x000A, 0x0000, 0x0000, 0x00E5, 0x0000, 0x00, 0x00 }, { 0x0100, 0x008C, 0x0038, 0x0032, 0x01255029, 0x0000, 0x0166, 0x0007, 0x0000, 0x0000, 0x00E5, 0x0000, 0x00, 0x00 }, { 0x0100, 0x008C, 0x0038, 0x0032, 0x01255029, 0x0000, 0x016D, 0x000D, 0x0000, 0x0000, 0x00E5, 0x0000, 0x00, 0x00 },
    { 0x0100, 0x008C, 0x0038, 0x0032, 0x01255029, 0x0000, 0x017A, 0x0007, 0x0000, 0x0000, 0x00E5, 0x0000, 0x00, 0x00 }, { 0x0100, 0x008C, 0x0038, 0x0032, 0x01255029, 0x0000, 0x0181, 0x0007, 0x0000, 0x0000, 0x00E5, 0x0000, 0x00, 0x00 }, { 0x0100, 0x008C, 0x0038, 0x0032, 0x01255029, 0x0000, 0x0188, 0x0004, 0x0000, 0x0000, 0x00E5, 0x0000, 0x00, 0x00 }, { 0x0100, 0x008C, 0x0038, 0x0032, 0x01255029, 0x0000, 0x018C, 0x0007, 0x0000, 0x0000, 0x00E5, 0x0000, 0x00, 0x00 },
    { 0x0100, 0x008C, 0x0038, 0x0032, 0x01255029, 0x0000, 0x0193, 0x0006, 0x0000, 0x0000, 0x00E5, 0x0000, 0x00, 0x00 }, { 0x0100, 0x008C, 0x0038, 0x0032, 0x01255029, 0x0000, 0x0199, 0x0004, 0x0000, 0x0000, 0x00E5, 0x0000, 0x00, 0x00 }, { 0x0100, 0x008C, 0x0038, 0x0032, 0x01255029, 0x0000, 0x019D, 0x0004, 0x0000, 0x0000, 0x00E5, 0x0000, 0x00, 0x00 }, { 0x0100, 0x008C, 0x0038, 0x0032, 0x01255029, 0x0000, 0x01A1, 0x0004, 0x0000, 0x0000, 0x00E5, 0x0000, 0x00, 0x00 },
    { 0x0120, 0x008C, 0x0010, 0x0032, 0xB1000469, 0x0000, 0x01A5, 0x0004, 0x0000, 0x0000, 0x001D, 0x0000, 0x00, 0x00 }, { 0x0140, 0x00A8, 0x0000, 0x0040, 0x00000808, 0x0000, 0x00C6, 0x0006, 0x0000, 0x0000, 0x00E5, 0x0000, 0x00, 0x00 }, { 0x0140, 0x0080, 0x0000, 0x0038, 0x08000800, 0x0000, 0x00CC, 0x0002, 0x0000, 0x0000, 0x00E5, 0x0000, 0x00, 0x00 }, { 0x0140, 0x0080, 0x0000, 0x0038, 0x08000800, 0x0000, 0x00CE, 0x0003, 0x0000, 0x0000, 0x00E5, 0x0000, 0x00, 0x00 },
    { 0x0140, 0x0080, 0x0000, 0x0038, 0x08000800, 0x0000, 0x00D1, 0x0003, 0x0000, 0x0000, 0x00E5, 0x0000, 0x00, 0x00 }, { 0x0140, 0x0080, 0x0000, 0x0038, 0x08000800, 0x0000, 0x00D4, 0x0003, 0x0000, 0x0000, 0x00E5, 0x0000, 0x00, 0x00 }, { 0x0100, 0x00A0, 0x0020, 0x0028, 0xA5000028, 0x0000, 0x0062, 0x0003, 0x0000, 0x0000, 0x00E5, 0x0000, 0x00, 0x00 }, { 0x0100, 0x00A0, 0x0020, 0x0028, 0xA5000028, 0x0000, 0x0065, 0x0004, 0x0000, 0x0000, 0x00E5, 0x0000, 0x00, 0x00 },
    { 0x0140, 0x00A0, 0x0000, 0x0028, 0xA5000028, 0x0000, 0x0069, 0x0004, 0x0000, 0x0000, 0x00E5, 0x0000, 0x00, 0x00 }, { 0x0100, 0x00A0, 0x0020, 0x0028, 0xA5000028, 0x0000, 0x006D, 0x0003, 0x0000, 0x0000, 0x00E5, 0x0000, 0x00, 0x00 }, { 0x0140, 0x0080, 0x0000, 0x0038, 0xA5000028, 0x0000, 0x0070, 0x0006, 0x0000, 0x0000, 0x00E5, 0x0000, 0x00, 0x00 }, { 0x0140, 0x0080, 0x0000, 0x0038, 0xA5000028, 0x0000, 0x0076, 0x0006, 0x0000, 0x0000, 0x00E5, 0x0000, 0x00, 0x00 },
    { 0x0140, 0x0080, 0x0000, 0x0038, 0xA5000028, 0x0000, 0x007C, 0x0006, 0x0000, 0x0000, 0x00E5, 0x0000, 0x00, 0x00 }, { 0x0140, 0x0080, 0x0000, 0x0038, 0xA5000028, 0x0000, 0x0082, 0x0006, 0x0000, 0x0000, 0x00E5, 0x0000, 0x00, 0x00 }, { 0x0140, 0x0080, 0x0000, 0x0038, 0xA5000028, 0x0000, 0x0088, 0x0006, 0x0000, 0x0000, 0x00E5, 0x0000, 0x00, 0x00 }, { 0x0140, 0x0080, 0x0000, 0x0038, 0xA5000028, 0x0000, 0x008E, 0x0006, 0x0000, 0x0000, 0x00E5, 0x0000, 0x00, 0x00 },
    { 0x0140, 0x0080, 0x0000, 0x0038, 0xA5000028, 0x0000, 0x0094, 0x0006, 0x0000, 0x0000, 0x00E5, 0x0000, 0x00, 0x00 }, { 0x0140, 0x0080, 0x0000, 0x0038, 0xA5000028, 0x0000, 0x009A, 0x0006, 0x0000, 0x0000, 0x00E5, 0x0000, 0x00, 0x00 }, { 0x0140, 0x0080, 0x0000, 0x0038, 0xA5000028, 0x0000, 0x00A0, 0x0006, 0x0000, 0x0000, 0x00E5, 0x0000, 0x00, 0x00 }, { 0x0140, 0x0080, 0x0000, 0x0038, 0xA5000028, 0x0000, 0x00A6, 0x0006, 0x0000, 0x0000, 0x00E5, 0x0000, 0x00, 0x00 }
};

Vtx D_hd_code_802F97B0[16] = {
  { { { 0xFDA8, 0x0258, 0xFFF6 }, 0x0000, { 0x0000, 0x0000 }, { 0x00, 0x00, 0x00, 0xA0 } } },
  { { { 0xFDA8, 0x03E8, 0xFFF6 }, 0x0000, { 0x0000, 0x0000 }, { 0x00, 0x00, 0x00, 0x00 } } },
  { { { 0xFC18, 0x0258, 0xFFF6 }, 0x0000, { 0x0000, 0x0000 }, { 0x00, 0x00, 0x00, 0x00 } } },
  { { { 0xFDA8, 0x0258, 0xFFF6 }, 0x0000, { 0x0000, 0x0000 }, { 0x00, 0x00, 0x00, 0xA0 } } },
  { { { 0x0258, 0x03E8, 0xFFF6 }, 0x0000, { 0x0000, 0x0000 }, { 0x00, 0x00, 0x00, 0x00 } } },
  { { { 0x0258, 0x0258, 0xFFF6 }, 0x0000, { 0x0000, 0x0000 }, { 0x00, 0x00, 0x00, 0xA0 } } },
  { { { 0x0258, 0x0258, 0xFFF6 }, 0x0000, { 0x0000, 0x0000 }, { 0x00, 0x00, 0x00, 0xA0 } } },
  { { { 0x03E8, 0x0258, 0xFFF6 }, 0x0000, { 0x0000, 0x0000 }, { 0x00, 0x00, 0x00, 0x00 } } },
  { { { 0x0258, 0xFDA8, 0xFFF6 }, 0x0000, { 0x0000, 0x0000 }, { 0x00, 0x00, 0x00, 0xA0 } } },
  { { { 0x03E8, 0xFDA8, 0xFFF6 }, 0x0000, { 0x0000, 0x0000 }, { 0x00, 0x00, 0x00, 0x00 } } },
  { { { 0x0258, 0xFC18, 0xFFF6 }, 0x0000, { 0x0000, 0x0000 }, { 0x00, 0x00, 0x00, 0x00 } } },
  { { { 0x0258, 0xFDA8, 0xFFF6 }, 0x0000, { 0x0000, 0x0000 }, { 0x00, 0x00, 0x00, 0xA0 } } },
  { { { 0xFC18, 0xFDA8, 0xFFF6 }, 0x0000, { 0x0000, 0x0000 }, { 0x00, 0x00, 0x00, 0x00 } } },
  { { { 0xFDA8, 0xFDA8, 0xFFF6 }, 0x0000, { 0x0000, 0x0000 }, { 0x00, 0x00, 0x00, 0xA0 } } },
  { { { 0xFDA8, 0xFDA8, 0xFFF6 }, 0x0000, { 0x0000, 0x0000 }, { 0x00, 0x00, 0x00, 0xA0 } } },
  { { { 0xFDA8, 0xFC18, 0xFFF6 }, 0x0000, { 0x0000, 0x0000 }, { 0x00, 0x00, 0x00, 0x00 } } }
};

Gfx D_hd_code_802F98B0[] = {
  gsSPVertex(D_hd_code_802F97B0, 16, 0),
  gsSP1Triangle(0, 5, 14, 0),
  gsSP1Triangle(14, 11, 5, 0),
  gsSP1Triangle(1, 2, 3, 2),
  gsSP1Triangle(1, 3, 6, 0),
  gsSP1Triangle(1, 4, 6, 0),
  gsSP1Triangle(4, 7, 6, 0),
  gsSP1Triangle(6, 7, 8, 0),
  gsSP1Triangle(7, 8, 9, 0),
  gsSP1Triangle(8, 9, 10, 0),
  gsSP1Triangle(8, 10, 13, 0),
  gsSP1Triangle(10, 13, 15, 0),
  gsSP1Triangle(12, 13, 15, 0),
  gsSP1Triangle(12, 13, 2, 0),
  gsSP1Triangle(3, 2, 13, 0),
  gsSPEndDisplayList(),
};

s32 D_hd_code_802F9930 = 1;

// Destruction targets in certain levels
// TODO: data pointers in unk10
struct S_802F9934 D_hd_code_802F9934[7] = {
  { 0xBD, "RAFTS", 0x8030358C },
  { 0x68, "GAS PLANTS", 0x80303594 },
  { 0x00, "CONTAINERS", 0x803035A0 },
  { 0xBA, "SPHERES", 0x803035AC },
  { 0xBC, "SPHERES", 0x803035B4 },
  { 0xC0, "BEACONS", 0x803035BC },
  { 0xE6, "CRATES", 0x803035C8 }
};
// Data end

extern Gfx D_hd_code_802F98B0[];
extern s32 D_hd_code_802F9930;
extern u32 D_hd_code_803156C4;
extern u8 D_hd_code_8035805C;
extern u8 D_8036BAA2[];
extern u8 D_hd_code_802F499A[];

s32 func_hd_code_8026AD30(s16 arg0) {
  struct S_802F48D0* sp2C;
  u8 sp2B;
  s32 sp24;
  s32 sp20;
  s32 sp1C;
  s32 sp18;

  sp2B = 0;
  if (!(D_hd_code_80364A90 & 0x2104)) {
    return 0;
  }
  if (players[playerNumber].unk91 >= 0xB) {
    return 0;
  }
  for(sp24 = 0; sp24 < 8 && sp2B == 0; sp24++) {
    sp2C = &D_hd_code_802F48D0[sp24];
    if (sp2C->unk0 == levelno) {
      for(sp20 = 0; sp20 < 16 && (sp2B == 0) && (sp2C->unk2[sp20] != -1); sp20++) {
        if (sp2C->unk2[sp20] == arg0) {
          sp1C = players[playerNumber].unk88[arg0] < (s32) D_hd_code_802F499A[arg0];
          sp18 = levelno == 0;
          if (!D_8036BAA0[arg0+2] && ((sp18 != 0) || (sp1C != 0))) {
            if ((sp1C != 0) && (sp18 == 0)) {
              players[playerNumber].unk88[arg0] += 1;
            }
            D_8036BAA0[arg0+2] = 1;
            func_hd_code_8026AF6C((s16) arg0 | 0x8000 | 0x2000);
            sp2B = 1;
          }
        }
      }
    }
  }

  return (s32) sp2B;
}

void func_hd_code_8026AF6C(u16 yd) {
  u16 sp1E;
  u16 sp1C;

  sp1E = D_8036BB14 & 0xFF;
  sp1C = yd & 0xFF;
  if (D_8036BB14) {
    if (D_8036BB14) {
      rmonPrintf(ASSERT_MESSAGE, "!yoshiDemandV", "yoshi.c", 0x520);
    }
    rmonPrintf("NEW: %x OLD:%x\n", yd, D_8036BB14);
  }
  if ((yd & 0x4000)) {
    if (!(yd == 0x4000)) {
      rmonPrintf(ASSERT_MESSAGE, "yd==YOSHI_DEMAND_OFF", "yoshi.c", 0x525);
    }
  }
  if ((sp1C == 0x1E) || (sp1C == 0x23) || (sp1C == 5) || (sp1C == 0xE)) {
    D_8036BB1A = -1;
  }
  if ((sp1E == 0x1E) || (sp1E == 0x23) || (sp1E == 5) || (sp1E == 0xE)) {
    rmonPrintf(ASSERT_MESSAGE, "1==0", "yoshi.c", 0x52C);
    rmonPrintf("OH MY GOD!\n");
    return;
  }
  if (D_8036BB14) {
    if (D_8036BB14 != 0) {
      rmonPrintf(ASSERT_MESSAGE, "!yoshiDemandV", "yoshi.c", 0x533);
    }
    rmonPrintf("GOING FOR NEW: %x OLD:%x\n", yd, D_8036BB14);
  }
  D_8036BB14 = yd;
}

u16 func_hd_code_8026B10C() {
  return D_8036BB14;
}

void func_hd_code_8026B118(s32 arg0) {
    struct S_802F8BDC* sp44;
    struct S_802F48D0* sp40;
    u8 sp3F;
    s32 sp38;
    s32 sp34;

    D_hd_code_8036BB1C = 1;
    D_8036BB16 = 0;
    D_8036BB14 = 0;
    D_8036BB1A = -1;
    D_8036BB18 = -1;
    D_8036BB0C = 0;
    sp44 = NULL;
    D_8036BB0E = 1;
    if ((u8) arg0 == 0) {
        for(sp38 = 0;sp38 < 0x6C;sp38++) {
            sp44 = &D_hd_code_802F8BDC[sp38];
            if (sp44->unk8 & 0x100) {
                sp44->unk8 = sp44->unk8 | 0x80;
            }
        }
    }
    D_hd_code_802F8BDC[6].unkC = 3;

    for(sp38 = 0; sp38 < 0x12; sp38++) {
        D_8036BAE8[sp38] = 0;
    }

    for(sp38 = 0; sp38 < 0x4B; sp38++) {
        D_hd_code_802F49F4[sp38].unk2E = -1;
    }

    switch(D_hd_code_80364A98) {
                case 0x8000000:
        case 0x80:
            D_8020C070[0x19].unk14 = 0;
        case 0x40000000:
            sp44 = &D_hd_code_802F8BDC[D_hd_code_802F4868[func_hd_code_8026F92C(D_hd_code_802E8F94[levelno].unk0)]];
            if (D_hd_code_802E8BF8 != 0) {
                D_8020C070[0x1D].unk0 &= ~1;
                D_8020C070[0x1D].unk14 = 0xB;
            }
            if (D_hd_code_802E8F94[levelno].unk0 == 1) {
                if (func_hd_code_80297EF8(levelno) != 0) {
                    D_8020C070[0x12].unk14 = 0x18;
                } else {
                    D_8020C070[0x12].unk14 = 0;
                }
            } else if (D_hd_code_802E8F94[levelno].unk0 == 0x20) {
                D_8020C070[0x17].unk0 &= ~0x400;
                D_8020C070[0x1A].unk0 &= ~0x400;

                D_8020C070[0x1B].unk14 = 0;
                D_8020C070[0x1C].unk14 = 0;
            } else {
                D_8020C070[0x17].unk14 = D_hd_code_802F4878[func_hd_code_8026F92C(D_hd_code_802E8F94[levelno].unk0)];
                D_8020C070[0x1A].unk14 = D_hd_code_802F4878[func_hd_code_8026F92C(D_hd_code_802E8F94[levelno].unk0)];

                D_8020C070[0x1B].unk14 = 0;
                D_8020C070[0x1C].unk14 = 0;
            }
            break;
         case 0x40000000000:
            sp44 = &D_hd_code_802F8BDC[0x16];
            break;
        case 0x4000000000000:
            sp44 = &D_hd_code_802F8BDC[0x38];
            break;



        case 0x40:
            sp44 = &D_hd_code_802F8BDC[D_hd_code_802F4870[func_hd_code_8026F92C(D_hd_code_802E8F94[levelno].unk0)]];
            if (D_hd_code_802E8F94[levelno].unk0 == 0x20) {
                D_hd_code_802F5804[0x1B].unk0 &= ~0x400;
                D_hd_code_802F5804[0x1C].unk0 &= ~0x400;
                D_hd_code_802F5804[0x1D].unk14 = 0;
                D_hd_code_802F5804[0x1E].unk14 = 0;
            } else {
                D_hd_code_802F5804[0x1B].unk14 = D_hd_code_802F4878[func_hd_code_8026F92C(D_hd_code_802E8F94[levelno].unk0)];
                D_hd_code_802F5804[0x1C].unk14 = D_hd_code_802F4878[func_hd_code_8026F92C(D_hd_code_802E8F94[levelno].unk0)];
                D_hd_code_802F5804[0x1D].unk14 = 0;
                D_hd_code_802F5804[0x1E].unk14 = 0;
            }
            break;

        case 0x2000:
            if ((((players[playerNumber].unk18[levelno] > 0 && players[playerNumber].unk18[levelno] < 6)?1:0) != 0) && (D_hd_code_802E8F94[levelno].unk0 == 1)) {
                sp44 = &D_hd_code_802F8BDC[6];
            } else {
                sp44 = NULL;
            }
            break;

        case 0x100000000000: {
            switch (levelno) {
            case 0x37:
                sp44 = &D_hd_code_802F8BDC[0x41];
                break;
            case 0x1C:
                sp44 = &D_hd_code_802F8BDC[0x42];
                break;
            case 0x35:
                sp44 = &D_hd_code_802F8BDC[0x43];
                break;
            case 0x7:
                sp44 = &D_hd_code_802F8BDC[0x44];
                break;
            case 0x13:
                sp44 = &D_hd_code_802F8BDC[0x45];
                break;
            default:
                sp44 = NULL;
            }
            break;
        }

        default:
            sp44 = NULL;
            break;
    }

    if (sp44 != NULL) {
        func_hd_code_8026BA7C(sp44);
    }
    if (D_hd_code_80364A98 & 0x2004) {
        for(sp38 = 0, sp3F = 0; sp38 < 8 && sp3F == 0; sp38++) {
            sp40 = &D_hd_code_802F48D0[sp38];
            if (sp40->unk0 == levelno) {
                for(sp34 = 0; sp34 < 0x10 && sp40->unk2[sp34] != -1;sp34++) {
                    func_hd_code_8026BA7C(&D_hd_code_802F8BDC[sp40->unk2[sp34]]);
                }
            }
        }
    }
}

void func_hd_code_8026B8F8(void) {
  if (D_hd_code_80364AA8 & 0x20) {
    D_8020C070[0x17].unk0 |= 0x400;
    D_8020C070[0x1A].unk0 |= 0x400;
    D_hd_code_802F5804[0x1B].unk0 |= 0x400;
    D_hd_code_802F5804[0x1C].unk0 |= 0x400;
    D_8020C070[0x17].unk14 = D_8020C070[0x1A].unk14 = D_hd_code_802F5804[0x1B].unk14 = D_hd_code_802F5804[0x1C].unk14 = func_hd_code_8026FA38(0, 0);

    if ((D_hd_code_80364A98 == 0x40)) {
      func_hd_code_8026BA7C(&D_hd_code_802F8BDC[D_hd_code_802F4870[func_hd_code_8026F92C( D_hd_code_80364AA8)]]);
      return;
    }

    func_hd_code_8026BA7C(&D_hd_code_802F8BDC[D_hd_code_802F4868[func_hd_code_8026F92C(D_hd_code_80364AA8)]]);
  }
}

// @internal
void func_hd_code_8026BA7C(struct S_802F8BDC* arg0) {
  struct S_80367BCC* sp2C;
  s32 sp28;
  u8 sp27;
  struct S_8020C070* sp20;

  sp27 = 4;
  func_hd_code_8026FB50(arg0);
  if (arg0->unk8 & 0x20000) {
    sp27 = 0;
  }
  for(sp28 = arg0->unkE; sp28 < (arg0->unkE + arg0->unk10); sp28++) {
    sp20 = &D_8036BB10[sp28];
    if (sp20->unk0 & 0x400) {
      sp2C = &D_hd_code_802F49F4[sp20->unk14];
      if (sp2C->unk2E == -1) {
        sp20->unk1A = func_hd_code_80272C5C((s32* ) sp2C->unk6, 0, sp2C->unk4, sp2C->unk2C, sp2C->unk2D | sp27, 1.0f);
        D_8036BA98[sp20->unk14] = 0;
      } else {
        sp20->unk1A = sp2C->unk2E;
      }
    }

  }
}

Gfx* func_hd_code_8026BBD0(Gfx* arg0, struct Model1* arg1, s32* arg2) {
  Gfx* entry;                                       /* compiler-managed */

  entry = arg0;
  if ((D_hd_code_8036BB1C == 1) && (D_8036BB18 != -1)) {
    rmonPrintf(ASSERT_MESSAGE, "!(yoshiState==YOSHI_OFF && currentYoshiWindow!=NO_YOSHI_WINDOW)", "yoshi.c", 0x61F);
  }
  entry = func_hd_code_8026BCE0(entry, arg1, arg2);
  if ((D_hd_code_8036BB1C == 1) && (D_8036BB18 != -1)) {
    rmonPrintf(ASSERT_MESSAGE, "!(yoshiState==YOSHI_OFF && currentYoshiWindow!=NO_YOSHI_WINDOW)", "yoshi.c", 0x623);
  }
  gDPPipeSync(entry++);
  *arg2 += entry - arg0;
  // This does not return any value... UB... needed for match
}

// @internal
Gfx* func_hd_code_8026BCE0(Gfx* gfx, struct Model1* arg1, s32* arg2) {
    struct S_802F8BDC* sp14C;
    struct S_8020C070* sp148;
    s32 sp144;
    s32 sp140;
    Gfx* entry;
    u16 sp13A;
    u16 sp138;
    u16 sp136;
    u16 sp134;
    u16 sp132;
    u16 sp130;
    u8* sp12C;
    f32 sp128;
    u16 sp126;
    u16 sp124;
    s32 sp120;
    u8 sp11F; // correct


    entry = gfx;
    sp128 = 1.0f;
    sp130 = 0;
    sp132 = (D_hd_code_803156C4 - D_8036BB40) * 15;
    D_8036BB40 = D_hd_code_803156C4;
    D_8036BB0C = D_8036BB0C + (D_8036BB0E * sp132);
    if (D_8036BB0C >= 0x100) {
        D_8036BB0C = 0xFF;
        D_8036BB0E = -D_8036BB0E;
    }
    if (D_8036BB0C < 0) {
        D_8036BB0C = 0;
        D_8036BB0E = -D_8036BB0E;
    }
    sp12C = D_hd_code_802F47B0[16];
    sp12C[1] = 0xFF - D_8036BB0C;
    sp12C[5] = D_8036BB0C;

    sp12C = D_hd_code_802F47B0[17];
    sp12C[1] = 0xAA - (D_8036BB0C * 2) / 3;
    sp12C[5] =  (D_8036BB0C * 2) / 3;

    sp12C = D_hd_code_802F47B0[18];
    sp12C[0] = sp12C[1] = (0xFF - D_8036BB0C);
    sp12C[4] = sp12C[5] = (0x00 + (u8)D_8036BB0C);


    sp12C = D_hd_code_802F47B0[19];
    sp12C[2] = sp12C[1] = (0xFF - D_8036BB0C);
    sp12C[6] = sp12C[5] = (0x00 + (u8)D_8036BB0C);


    sp12C = D_hd_code_802F47B0[20];
    sp12C[2] = (0xFF - D_8036BB0C);
    sp12C[6] = (D_8036BB0C);

    if ((D_hd_code_80364A90 == 0x200) && (D_hd_code_803643DB != 0) && (D_hd_code_803643D6 != 0) && ((D_8036BB1A = -1, (D_hd_code_8036BB1C == 4)) || (D_hd_code_8036BB1C == 2))) {
        rmonPrintf("putting off!\n");
        func_hd_code_8026AF6C(0x4000U);
    }
    if ((D_8036BB18 == -1) && (D_8036BB14 & 0x4000)) {
        rmonPrintf(ASSERT_MESSAGE, "1==0", "yoshi.c", 0x65B);
        D_8036BB14 = 0;
        return gfx;
    }
    if (D_8036BB14 != 0) {
        sp126 = D_8036BB14 & 0xFF;
        sp124 = D_8036BB14 & 0x2000;
        sp120 = 0;
        rmonPrintf("yoshiDemand=%x\n", D_8036BB14);
        if (D_8036BB14 & 0x8000) {
            D_8036BB1A = -1;
            if (D_8036BB18 != -1) {
                sp120 = D_hd_code_802F8BDC[D_8036BB18].unk8 & 0x08000000;
            }
            if ((D_hd_code_8036BB1C == 1) || (sp124 != 0) || (sp120 != 0)) {
                D_8036BB18 = (s16) sp126;
                D_hd_code_8036BB1C = 1;
            } else {
                D_8036BB1A = (s16) sp126;
            }
        }
        if (D_hd_code_8036BB1C != 8) {
            sp130 = 1;
        }
        D_8036BB14 = 0;
    }
    if (D_8036BB18 == -1) {
        D_8036BB18 = D_8036BB1A;
        D_8036BB1A = -1;
        if (D_8036BB18 == -1) {
            return gfx;
        }
        sp130 = 1;
    }
    sp14C = &D_hd_code_802F8BDC[D_8036BB18];
    func_hd_code_8026FB50(sp14C);
    if ((sp14C->unk8 & 0x20) && (D_hd_code_8036BB1C == 2)) {
        if ((((D_80370C28 & 0x8000) && !(D_80370C2A & 0x8000)) || ((sp14C->unk8 & 0x80000000) && (D_80370C28 & 0x1000) && !(D_80370C2A & 0x1000))) && (sp14C->unk1A != 0)) {
            sp13A = D_8036BB10[sp14C->unk18].unk16;
            if (sp13A != 0) {
                sndPlaySfx(D_hd_code_80367738, (s16) sp13A, NULL);
            }
            if (D_8036BB10[sp14C->unk18].unk0 & 0x10) {
                D_hd_code_802E8BD4 = 1;
            }
            D_8036BB16 = sp14C->unk18;
            sp130 = 1;
        }
        if ((D_80370C28 & 0x4000) && !(D_80370C2A & 0x4000)) {
            if ((sp14C->unk8 & 0x20000000) && (sp14C->unk1A != 0)) {
                sndPlaySfx(D_hd_code_80367738, 0xDE, NULL);
                D_8036BB16 = 0xFFFF;
                sp130 = 1;
                if (sp14C->unk8 & 0x40000000) {
                    D_hd_code_802E8BD4 = 1;
                }
            } else {
                sndPlaySfx(D_hd_code_80367738, 0xD0, NULL);
            }
        }
    }
    if (sp130 != 0) {
        D_8036BAFC = D_hd_code_803156C4;
        switch(D_hd_code_8036BB1C) {
            case 8:
                D_8036BAFC = D_hd_code_803156C4 - D_8036BB08 * D_8036BB38 * D_8036BB34;
            case 1:
                D_hd_code_8036BB1C = 4;
                D_8036BB34 = 1.0f;
                if (sp14C->unk8 & 0x18) {
                    D_8036BB08 = 40.0f;
                } else {
                    D_8036BB08 = 13.333333f;
                }
                func_hd_code_8026EF70(sp14C);
                sp13A = sp14C->unk12;
                if (sp13A != 0) {
                    sndPlaySfx(D_hd_code_80367738, (s16) sp13A, NULL);
                }
                if (!(sp14C->unk8 & 0x400)) {

                    for(sp138 = sp14C->unkE;(!(D_8036BB10[sp138].unk0 & 1) && sp138 < (sp14C->unkE + sp14C->unk10)); sp138++) {}
                    sp14C->unk18 = sp138;
                }
                for(sp138 = sp14C->unkE; sp138 < (sp14C->unkE + sp14C->unk10); sp138++) {
                    sp148 = sp138 + D_8036BB10;
                    if (sp148->unk0 & 0x20) {
                        if (sp14C->unk8 & 0x80000) {
                            sp148->unk2 = func_hd_code_8025B498(sp14C->unk0 / 2, sp148->unk6, sp148->unkC, sp148->unk10);
                        } else {
                            sp148->unk2 = func_hd_code_8025B498((u16) ((s32) sp14C->unk0 / 2), sp148->unk6, sp148->unkC, sp148->unk10);
                        }
                    }
                }
                if (sp14C->unk8 & 1) {
                    D_hd_code_802E8BD8 = 1;
                }
                if (sp14C->unk8 & 2) {
                    func_hd_code_80261570(0.0f);
                }
                if (sp14C->unk8 & 0x100000) {
                    D_8036BB28 = (f32) sp14C->unk2;
                } else {
                    D_8036BB28 = (f32) (((s32) sp14C->unk2 / 2) - D_8036BB10[sp14C->unk18].unk4);
                    if (sp14C->unk8 & 0x40000) {
                        D_8036BB28 = D_8036BB28 - (f32) ((s32) D_8036BB10[sp14C->unk18].unk8 / 2);
                    }
                }
                D_8036BB2C = D_8036BB28;
                break;
            case 4:
                D_8036BAFC = (D_8036BB38 - sp128) * D_8036BB08 + D_hd_code_803156C4;
            case 2:
                D_hd_code_8036BB1C = 8;
                sp13A = sp14C->unk14;
                if (sp13A != 0) {
                    sndPlaySfx(D_hd_code_80367738, (s16) sp13A, NULL);
                }
                if (sp14C->unk8 & 0x200000) {
                    D_hd_code_802E8BD4 = 1;
                }
                if (sp14C->unk8 & 4) {
                    func_hd_code_80261570(1.0f);
                }
                break;
        }
    }
    switch (D_hd_code_8036BB1C) {
    case 2:
        if (sp14C->unk8 & 0x100000) {
            sp11F = D_8036BB2C < (sp14C->unk2 / 8 - D_8036BB10[sp14C->unkE + sp14C->unk10 - 1].unk4);
        } else {
            sp11F = sp14C->unkC
                && (D_hd_code_803156C4 - D_8036BAFC) / 60.0f > sp14C->unkC
                && (!(sp14C->unk8 & 0x400000) || !(D_8036BB1E != 0))
                ;
        }
        if (sp11F) {
            sp13A = sp14C->unk14;
            if (sp13A != 0) {
                sndPlaySfx(D_hd_code_80367738, (s16) sp13A, NULL);
            }
            if (sp14C->unk8 & 0x2000) {
                func_hd_code_80261570(0.0f);
            }
            D_hd_code_8036BB1C = 8;
            D_8036BAFC = D_hd_code_803156C4;
        }
        break;
    case 4:

        {
            D_8036BB38 = (f32)(D_hd_code_803156C4 - D_8036BAFC) / D_8036BB08;
            if (sp128 < D_8036BB38) {
                D_8036BAFC = D_hd_code_803156C4;
                D_hd_code_8036BB1C = 2;
                D_8036BB38 = sp128;

                if (sp14C->unk8 & 0x40) {
                    D_8036BB3C = 0x200U;
                    D_8036BB3E = 0x100U;
                } else {
                    D_8036BB3C = 0x800U;
                    D_8036BB3E = 0x400U;
                }
                if (sp14C->unk8 & 0x10000000) {
                    sp14C->unk1A = 1U;
                } else {
                    sp14C->unk1A = 0U;
                }
                if (func_hd_code_8026F8A8(sp14C->unkE, sp14C->unk10, sp14C->unk18, 1) == sp14C->unk18) {
                    sp14C->unk1A = 1U;
                }
            }
            break;
        }
    case 8:
        {
            D_8036BB38 = sp128 - (D_hd_code_803156C4 - D_8036BAFC) / D_8036BB08;
            if (D_8036BB38 < 0.001) {
                D_8036BB38 = 0;
                D_hd_code_8036BB1C = 1;
                if (sp14C->unk8 & 0x02000000) {
                    D_hd_code_802E8BD4 = 1;
                }

                if (sp14C->unk8 & 0x100) {
                    sp14C->unk8 = sp14C->unk8 & ~0x80;
                }
                D_8036BB18 = -1;
                return gfx;
            }
            break;
        }
    }

    if (D_hd_code_8036BB1C != 1) {
        D_8036BB20 = (func_hd_code_802574F0(4.71 + ((D_8036BB38 * D_8036BB34) / sp128) * 1.57) + 1.0) * 255.0;
    }
    if (D_hd_code_8036BB1C != 1 && D_8036BB38 * D_8036BB34 > 0.1) {
        sp136 = (u16) sp14C->unk0 / 2;
        sp134 = (u16) sp14C->unk2 / 2;
        guOrtho(&arg1->unk1240, (f32) (-sp14C->unk4 - (sp136)), (f32) ((-sp14C->unk4 - (sp136)) + 0x13F), (f32) ((-(s16) sp14C->unk6 - (sp134)) + 0xEF), (f32) (-(s16) sp14C->unk6 - (sp134)), -256.0f, 256.0f, 256.0f);
        gSPMatrix(entry++, OS_PHYSICAL_TO_K0(&arg1->unk1240), G_MTX_NOPUSH | G_MTX_LOAD | G_MTX_PROJECTION);
        if (sp14C->unk8 & 0x10) {
            guAlign(&arg1->unk12C0, 180.0 - 180.0 * ((D_8036BB38 * D_8036BB34) / sp128), 2.0f, 0.0f, 1.0f);
            gSPMatrix(entry++, OS_PHYSICAL_TO_K0(&arg1->unk12C0), G_MTX_NOPUSH | G_MTX_LOAD | G_MTX_MODELVIEW);
        } else {
            guTranslate(&arg1->unk12C0, 0.0f, 0.0f, 0.0f);
            gSPMatrix(entry++,  OS_PHYSICAL_TO_K0(&arg1->unk12C0), G_MTX_NOPUSH | G_MTX_LOAD | G_MTX_MODELVIEW);
        }
        gSPMatrix(entry++, OS_PHYSICAL_TO_K0(&arg1->unk1300), G_MTX_PUSH | G_MTX_MUL | G_MTX_MODELVIEW);
        gSPPopMatrix(entry++, G_MTX_MODELVIEW);
        if (sp14C->unk8 & 8) {
            guScale(&arg1->unk1300, (sp136 * D_8036BB38 * D_8036BB34) / 1000.0f, (sp134 * D_8036BB38 * D_8036BB34) / 1000.0f, 1.0f);
            gSPMatrix(entry++, OS_PHYSICAL_TO_K0(&arg1->unk1300), G_MTX_PUSH | G_MTX_MUL | G_MTX_MODELVIEW);
        } else {
            guScale(&arg1->unk1300, sp136 / 1000.0f, sp134 / 1000.0f, 1.0f);
            gSPMatrix(entry++, OS_PHYSICAL_TO_K0(&arg1->unk1300), G_MTX_PUSH | G_MTX_MUL | G_MTX_MODELVIEW);
        }
        gDPPipeSync(entry++);
        gDPSetRenderMode(entry++, G_RM_CLD_SURF, G_RM_CLD_SURF2);
        gDPSetCombineMode(entry++, G_CC_SHADE, G_CC_SHADE);
        gSPClearGeometryMode(entry++, G_ZBUFFER | G_TEXTURE_ENABLE | G_SHADE | G_CULL_BOTH | G_FOG | G_LIGHTING | G_TEXTURE_GEN | G_TEXTURE_GEN_LINEAR | G_LOD | G_SHADING_SMOOTH | 0xFFE0CDF8);
        gSPSetGeometryMode(entry++, G_SHADE | G_SHADING_SMOOTH);
        gSPTexture(entry++, qu016(0.999985), qu016(0.999985), 0, G_TX_RENDERTILE, G_OFF);

        if (!(sp14C->unk8 & 0x200)) {
            gSPDisplayList(entry++, &D_hd_code_802F98B0);
        }
        gSPPopMatrix(entry++, G_MTX_MODELVIEW);

        if (sp14C->unk8 & 8) {
            guScale(&arg1->unk1280, D_8036BB38, D_8036BB38, 1.0f);
            gSPMatrix(entry++, OS_PHYSICAL_TO_K0(&arg1->unk1280), G_MTX_NOPUSH | G_MTX_MUL | G_MTX_MODELVIEW);
        }
        if ((sp14C->unk8 & 0x20) && (D_hd_code_8036BB1C == 2)) {
            s32 spD8 = 0;
            s32 spD4 = 0;

            if (D_8036BB3C == 0x800) {
                if ((D_80370C12 >= 0x1F) && (D_80370C14 < 0x1F)) {
                    spD8 = 1;
                } else {
                    spD8 = 0;
                }
            } else if ((D_80370C11 < -0x1E) && (D_80370C13 >= -0x1E)) {
                spD8 = 1;
            } else {
                spD8 = 0;
            }
            if (D_8036BB3E == 0x400) {
                if ((D_80370C12 < -0x1E) && (D_80370C14 >= -0x1E)) {
                    spD4 = 1;
                } else {
                    spD4 = 0;
                }
            } else if ((D_80370C11 >= 0x1F) && (D_80370C13 < 0x1F)) {
                spD4 = 1;
            } else {
                spD4 = 0;
            }
            if (((D_80370C28 & D_8036BB3C) && !(D_80370C2A & D_8036BB3C)) || (spD8 != 0)) {
                u16 spD2 = func_hd_code_8026F82C(sp14C->unkE, sp14C->unk18, 1);
                sp13A = sp14C->unk16;
                if (sp13A != 0) {
                    if (spD2 != sp14C->unk18) {
                        sndPlaySfx(D_hd_code_80367738, (s16) sp13A, NULL);
                    } else {
                        sndPlaySfx(D_hd_code_80367738, 0xD0, NULL);
                    }
                }
                D_8036BB28 += D_8036BB10[sp14C->unk18].unk4 - D_8036BB10[spD2].unk4;
                sp14C->unk18 = spD2;
            } else if (((((sp14C->unk1A ? 0 : 0x8000) | D_8036BB3E) & D_80370C28) && !(((sp14C->unk1A ? 0 : 0x8000) | D_8036BB3E) & D_80370C2A)) || spD4) {
                u16 spD0 = func_hd_code_8026F8A8(sp14C->unkE, sp14C->unk10, sp14C->unk18, 1);
                if (func_hd_code_8026F8A8(sp14C->unkE, sp14C->unk10, spD0, 1) == spD0) {
                    sp14C->unk1A = 1U;
                }
                sp13A = sp14C->unk16;
                if (sp13A != 0) {
                    if (spD0 != sp14C->unk18) {
                        sndPlaySfx(D_hd_code_80367738, (s16) sp13A, NULL);
                    } else {
                        sndPlaySfx(D_hd_code_80367738, 0xD0, NULL);
                    }
                }
                D_8036BB28 += D_8036BB10[sp14C->unk18].unk4 - D_8036BB10[spD0].unk4;
                sp14C->unk18 = spD0;
                D_8036BAFC = D_hd_code_803156C4;
            }
        }
        if (sp14C->unk8 & 0x4000) {
            if (sp14C->unk8 & 0x100000) {
                if (!(sp14C->unkC && (D_hd_code_803156C4 - D_8036BAFC) / 60.0f < sp14C->unkC)) {
                    if (sp14C->unk8 & 0x800000) {
                        D_8036BB2C -= 0.5;
                    } else {
                        D_8036BB2C -= 1.0;
                    }
                }
            } else {
                D_8036BB2C += (D_8036BB28 - D_8036BB2C) * 0.1;
            }
            if (sp14C->unk8 & 0x10000) {
                s32 spCC = 0;
                s16 spCA;

                if (sp14C->unk8 & 0x40000) {
                    spCA = 0x12;
                } else {
                    spCA = 0x1C;
                }
                if ((!(D_hd_code_80364A90 & 0xC9FD0FE79BFF80B0)) || (D_hd_code_8035805C != 0)) {
                    D_8036BB44 += D_hd_code_802F9930;
                }
                if (D_hd_code_802F9930 < 0) {
                    D_8036BB44 += D_hd_code_802F9930 * 2;
                }
                if ((D_8036BB44 < 0) || (D_8036BB44 >= 8)) {
                    D_8036BB44 -= D_hd_code_802F9930 * 2;
                    D_hd_code_802F9930 = -D_hd_code_802F9930;
                }
                if (func_hd_code_8026F8A8(sp14C->unkE, sp14C->unk10, sp14C->unk18, 1) != sp14C->unk18) {
                    u8* spC4 = D_hd_code_802F47B0[18];
                    spCC = func_hd_code_80276130(arg1, 0, spCC, -sp136, (sp134 - D_8036BB44) - spCA, 0x10, ((s32) D_8036BB44 / 2) + 0xA, (s32) spC4[0], (s32) spC4[1], (s32) spC4[2], (s32) D_8036BB20, (s32) spC4[4], (s32) spC4[5], (s32) spC4[6], (s32) D_8036BB20, (s32) spC4[0], (s32) spC4[1], (s32) spC4[2], (s32) D_8036BB20, (s32) spC4[4], (s32) spC4[5], (s32) spC4[6], (s32) D_8036BB20);
                    spCC = func_hd_code_80276080(arg1, 0, spCC, -sp136 - 3, ((sp134 - D_8036BB44) - spCA) + 3, 0x10, ((s32) D_8036BB44 / 2) + 0xA, 0, 0, 0, (s16) D_8036BB20 / 2);
                    entry = func_hd_code_80275DA4(entry, 1);
                    gSPVertex(entry++, (u32) &arg1->unk1E00, 8, 0);
                    gSP1Triangle(entry++, 4, 5, 6, 0);
                    gSP1Triangle(entry++, 4, 6, 7, 0);
                    gSP1Triangle(entry++, 0, 1, 2, 0);
                    gSP1Triangle(entry++, 0, 2, 3, 0);
                }
                if (func_hd_code_8026F82C(sp14C->unkE, sp14C->unk18, 1) != sp14C->unk18) {
                    u8 *spAC = D_hd_code_802F47B0[18];
                    spCC = func_hd_code_80276130(arg1, 1, spCC, -sp136, (D_8036BB44 - sp134) + spCA, 0x10, D_8036BB44/2 + 10, spAC[0], spAC[1], spAC[2], D_8036BB20, spAC[4], spAC[5], spAC[6], D_8036BB20, *((volatile u8*)spAC), spAC[1], spAC[2], D_8036BB20, spAC[4], spAC[5], spAC[6], D_8036BB20);
                    spCC = func_hd_code_80276080(arg1, 1, spCC, -sp136 - 3, ((D_8036BB44 - sp134) + spCA) - 3, 0x10, ((s32) D_8036BB44 / 2) + 0xA, 0, 0, 0, (s16) D_8036BB20 / 2);
                    entry = func_hd_code_80275DA4(entry, 1);
                    gSPVertex(entry++, (u32) (&arg1->unk1D80[spCC]), 8, 0);
                    gSP1Triangle(entry++, 4, 5, 6, 0);
                    gSP1Triangle(entry++, 4, 6, 7, 0);
                    gSP1Triangle(entry++, 0, 1, 2, 0);
                    gSP1Triangle(entry++, 0, 2, 3, 0);
                }
            }
        } else {
            D_8036BB2C = 0.0f;
        }
        D_8036BB30 = (s32) D_8036BB2C;
        if (sp14C->unk8 & 0x1000) {
            entry = (sp14C->unk8 & 0x20000) ? func_hd_code_80274868(entry) : func_hd_code_80274998(entry);
            for(sp138 = sp14C->unkE; sp138 < sp14C->unkE + sp14C->unk10; sp138++) {
                sp148 = &D_8036BB10[sp138];
                if ((sp148->unk0 & 0x800) || !(sp148->unk0 & 0x400) || (sp148->unk0 & 0x300 && !(sp138 <= D_8036BB04))) {
                    continue;
                }

                {
                    struct S_80367BCC* sp94;
                    s16 sp92;
                    s16 sp90;
                    u8 sp8F;
                    u8 sp8E;
                    u8 sp8D;
                    u8 sp8C;
                    u8 sp8B;

                    sp94 = &D_hd_code_802F49F4[sp148->unk14];
                    sp92 = (sp14C->unk8 & 0x20000)!=0 ? sp14C->unk4 : -sp136;
                    sp90 = (sp14C->unk8 & 0x20000)!=0 ? sp14C->unk6 : -sp134;
                    sp8F = 1;
                    sp8E = sp94->unk1B[0xA];
                    if ((sp148->unk0 & 1) && (sp138 != sp14C->unk18)) {
                        sp8F = 0;
                    }
                    sp8D = D_8036BA48[sp148->unk14];
                    sp8C = D_8036BA48[sp148->unk14] = ((u32) ((u32) ((u32) (D_hd_code_803156C4 * 0x3C) / 60U) / (u8) sp94->unk26) % (u8) sp94->unk1A);
                    if ((sp8C != sp8D) && ((sp8F != 0) || (D_8036BA98[sp148->unk14] != 0))) {
                        D_8036BA98[sp148->unk14] = (u8) ((s32) (D_8036BA98[sp148->unk14] + 1) % (s32) sp94->unk1A);
                    }
                    sp8B = sp94->unk1B[D_8036BA98[sp148->unk14]];
                    if (sp8B != 0) {
                        if (sp8F != 0) {
                            if ((sp138 == sp14C->unk18) && (sp148->unk0 & 0x40)) {
                                sp8E |= 8;
                            }

                            entry = func_hd_code_80272ED8(entry, (sp148->unk1A + sp8B) - 1, sp94->unk0 + sp148->unk2 + sp92, ((sp148->unk0 & 0x1000) ? D_8036BB30 : 0) + (sp94->unk2 + sp148->unk4 + sp90), func_hd_code_8026F644(sp14C, sp148, ((sp148->unk4 + sp94->unk2) - sp134) + D_8036BB30 + 8) * D_8036BB38 * D_8036BB34, sp8E, sp94->unk28);
                        } else {
                            entry = func_hd_code_80272ED8(entry, (sp148->unk1A + sp8B) - 1, sp94->unk0 + sp148->unk2 + sp92, ((sp148->unk0 & 0x1000) ? D_8036BB30 : 0) + (sp94->unk2 + sp148->unk4 + sp90), func_hd_code_8026F644(sp14C, sp148, ((sp148->unk4 + sp94->unk2) - sp134) + D_8036BB30 + 8) * D_8036BB38 * D_8036BB34 * 0.7, sp8E & ~1, sp94->unk28);
                        }
                    }
                }




            }

            entry = (sp14C->unk8 & 0x20000) ? func_hd_code_80274AA4(entry) : func_hd_code_80274B08(entry);
        }
        if ((D_8036BB18 < 0x62) || (D_8036BB18 >= 0x6C) || ((D_hd_code_80364A90 == 2))) {
            for(sp138 = sp14C->unkE; ((sp138) < (sp14C->unkE + sp14C->unk10)); sp138++) {
                sp148 = &D_8036BB10[sp138];
                sp140 = 0;
                sp144 = func_hd_code_8026F004(sp14C, sp138, 0);

                if ((sp148->unk0 & 0x80) && !(sp148->unk0 & 0x800)) {
                    if (sp138 == sp14C->unk18) {
                        func_hd_code_80259DC8(arg1, sp144, sp140, sp148->unk0 & 8, 0, (sp148->unk2 - sp136) - 3, ((sp148->unk0 & 0x1000) ? D_8036BB30 : 0) + (sp148->unk4 - sp134) + 3, sp148->unk6, sp148->unk8, 1, 0, 0, 0, D_8036BB20 * D_hd_code_802F47B0[sp148->unk19][3] * func_hd_code_8026F644(sp14C, sp148, (sp148->unk4 - sp134) + D_8036BB30) / 65025 / 2, 0, 0, 0, D_8036BB20 * D_hd_code_802F47B0[sp148->unk19][3] * func_hd_code_8026F644(sp14C, sp148, (sp148->unk4 - sp134) + D_8036BB30 + sp148->unk8) / 65025 / 2);
                    } else if (!(sp148->unk0 & 4) || (((D_hd_code_803156C4 % 23U) * 0x3C) / 60U) < 0x10U) {
                        func_hd_code_80259DC8(arg1, sp144, sp140, sp148->unk0 & 8, 0, (sp148->unk2 - sp136) - 3, ((sp148->unk0 & 0x1000) ? D_8036BB30 : 0) + (sp148->unk4 - sp134) + 3, sp148->unk6, sp148->unk8, 1, 0, 0, 0, D_8036BB20 * D_hd_code_802F47B0[sp148->unk18][3] * func_hd_code_8026F644(sp14C, sp148, (sp148->unk4 - sp134) + D_8036BB30) / 65025 / 2, 0, 0, 0, D_8036BB20 * D_hd_code_802F47B0[sp148->unk18][3] * func_hd_code_8026F644(sp14C, sp148, (sp148->unk4 - sp134) + D_8036BB30 + sp148->unk8) / 65025 / 2);
                    }
                }
            }
        }
        for(sp138 = sp14C->unkE; (sp138 < (sp14C->unkE + sp14C->unk10)); sp138++) {
                            sp148 = &D_8036BB10[sp138];
                sp140 = 0;
                sp144 = func_hd_code_8026F004(sp14C, sp138, 0);
                if (!(sp148->unk0 & 0x800)) {
                    if (sp138 == sp14C->unk18) {
                        if ((!(sp148->unk0 & 4) || ((u32) ((u32) (((u32) D_hd_code_803156C4 % 23U) * 0x3C) / 60U) < 0x10U)) && (!(sp148->unk0 & 0x40) || ((u32) ((u32) (((u32) D_hd_code_803156C4 % 15U) * 0x3C) / 60U) < 0xBU))) {
                            func_hd_code_80259DC8(arg1, sp144, sp140, sp148->unk0 & 8, 0, sp148->unk2 - sp136, (sp148->unk0 & 0x1000 ? D_8036BB30 : 0) + (sp148->unk4 - sp134), (s32) sp148->unk6, (s32) sp148->unk8, 1,
                                                  D_hd_code_802F47B0[sp148->unk19][0],
                                                  D_hd_code_802F47B0[sp148->unk19][1],
                                                  D_hd_code_802F47B0[sp148->unk19][2],
                                                  D_8036BB20 * D_hd_code_802F47B0[sp148->unk19 ][ 3] * func_hd_code_8026F644(sp14C, sp148, (sp148->unk4 - sp134) + D_8036BB30) / 65025,
                                                  D_hd_code_802F47B0[sp148->unk19][4],
                                                  D_hd_code_802F47B0[sp148->unk19][5],
                                                  D_hd_code_802F47B0[sp148->unk19][6],
                                                  D_8036BB20 * D_hd_code_802F47B0[sp148->unk19 ][ 7] * func_hd_code_8026F644(sp14C, sp148, (sp148->unk4 - sp134) + D_8036BB30 + sp148->unk8) / 65025);
                        }
                    } else if (!(sp148->unk0 & 4) || ((u32) ((u32) (((u32) D_hd_code_803156C4 % 23U) * 0x3C) / 60U) < 0x10U)) {
                        func_hd_code_80259DC8(arg1, sp144, sp140, sp148->unk0 & 8, 0, sp148->unk2 - sp136, (sp148->unk0 & 0x1000 ? D_8036BB30 : 0) + (sp148->unk4 - sp134), (s32) sp148->unk6, (s32) sp148->unk8, 1,
                                              D_hd_code_802F47B0[sp148->unk18  ][ 0],
                                              D_hd_code_802F47B0[sp148->unk18  ][ 1],
                                              D_hd_code_802F47B0[sp148->unk18  ][ 2],
                                              D_8036BB20 * D_hd_code_802F47B0[sp148->unk18 ][ 3] * func_hd_code_8026F644(sp14C, sp148, (sp148->unk4 - sp134) + D_8036BB30) / 65025,
                                              D_hd_code_802F47B0[sp148->unk18  ][ 4],
                                              D_hd_code_802F47B0[sp148->unk18  ][ 5],
                                              D_hd_code_802F47B0[sp148->unk18  ][ 6],
                                              D_8036BB20 * D_hd_code_802F47B0[sp148->unk18 ][ 7] * func_hd_code_8026F644(sp14C, sp148, (sp148->unk4 - sp134) + D_8036BB30 + sp148->unk8) / 65025);
                    }
                }
        }

        func_hd_code_80259BD4((Gfx** ) &entry, arg1);
    }
    return (Gfx* ) entry;
}

// @internal
void func_hd_code_8026EF70(struct S_802F8BDC* arg0) {
  if (arg0->unk8 & 0x80) {
    D_8036BB04 = func_hd_code_8026F8A8(arg0->unkE, arg0->unk10, arg0->unkE - 1, 0x100);
    D_8036BB06 = 0;
    if ((D_8036BB04 + 1) == arg0->unkE) {
      D_8036BB1E = 0;
      return;
    }
    D_8036BB1E = 1;
    return;
  }
  D_8036BB1E = 0;
}

// @internal
u8* func_hd_code_8026F004(struct S_802F8BDC* arg0, u16 arg1, s32 arg2) {
    struct S_8020C070* sp3C;
    u8 sp3B;
    u8* sp34;
    u16* sp30;
    u16 sp2E;
    s32 sp28;
    u16 sp26;

    sp3C = &D_8036BB10[arg1];
    if ((u8) arg2 != 0) {
        sp3B = 1;
    } else {
        sp3B = 0;
    }
    sp34 = sp3C->unkC;
    sp30 = sp3C->unk10;
    D_8036BB48[0] = D_hd_code_802E8C98[sp3B];

    switch (D_8036BB1E) {                           /* irregular */
    case 0:
        if ((u8) arg2 != 0) {
            return sp30;
        }
        return sp34;
    case 1:
        if (D_hd_code_8036BB1C == 2) {
            D_8036BB1E = 2;
            D_8036BB00 = D_hd_code_803156C4;
        }
        break;

    case 2:
        if ((s32) arg1 < (s32) D_8036BB04) {
            if ((u8) arg2 != 0) {
                return sp30;
            }
            return sp34;
        }
        if (arg1 <= D_8036BB04) {
            if ((u32) (D_hd_code_803156C4 - D_8036BB00) >= 5U) {
                D_8036BB00 = D_hd_code_803156C4;
                D_8036BB06++;
                if ((u8) arg2 != 0) {
                    sp2E = sp30[D_8036BB06];
                } else {
                    sp2E = sp34[D_8036BB06];
                }
                if ((u16) D_hd_code_802E8C90[sp3B] == sp2E) {
                    sndPlaySfx(D_hd_code_80367738, 0x91, NULL);
                } else if ((D_hd_code_802E8C94[sp3B] != sp2E) && (D_hd_code_802E8C98[sp3B] != sp2E) && ((u16) D_hd_code_802E8C8C[sp3B] != sp2E)) {
                    sndPlaySfx(D_hd_code_80367738, 0x22, NULL);
                }
            }
            if ((u8) arg2 != 0) {
                if (sp30 == 0) {
                    rmonPrintf(ASSERT_MESSAGE, "jtext", "./vidiPrint.h", 0x46);
                }
            } else {
                if (sp34 == 0) {
                    rmonPrintf(ASSERT_MESSAGE, "text", "./vidiPrint.h", 0x46);
                }
            }
            sp28 = 0;
            if ((u8) arg2 != 0) {
                while (sp30[sp28] != D_hd_code_802E8C98[sp3B]) {
                    D_8036BB48[sp28] = sp30[sp28];
                    sp28++;
                }
            } else {
                while (sp34[sp28] != D_hd_code_802E8C98[sp3B]) {
                    D_8036BB48[sp28] = sp34[sp28];
                    sp28++;
                }
            }
            D_8036BB48[sp28] = D_hd_code_802E8C98[sp3B];
            if (D_8036BB48[D_8036BB06] == D_hd_code_802E8C98[sp3B]) {
                sp26 = func_hd_code_8026F8A8(arg0->unkE, arg0->unk10, D_8036BB04, 0x100);
                if (sp26 == D_8036BB04) {
                    D_8036BB1E = 0;
                    if ((arg0->unk8 & 0x400000) && (D_hd_code_8036BB1C == 2)) {
                        D_8036BAFC = D_hd_code_803156C4;
                    }
                } else {
                    sndPlaySfx(D_hd_code_80367738, 0x23, NULL);
                    D_8036BB04 = sp26;
                }
                D_8036BB06 = 0;
            } else {
                (D_8036BB48)[D_8036BB06] = D_hd_code_802E8C98[sp3B];
                if (!(sp3C->unk0 & 0x4000) && ((u32) ((u32) D_hd_code_803156C4 % 10U) >= 6U)) {
                    D_8036BB48[D_8036BB06] = D_hd_code_802E8C9C[sp3B];
                    D_8036BB48[D_8036BB06+1] = D_hd_code_802E8C98[sp3B];
                }
            }
            if ((u8) arg2 != 0) {
                return D_8036BB48;
            }
            return func_hd_code_8025B558(D_8036BB48);
        }
        break;
    }
    if ((sp3C->unk0 & 0x100) || (sp3C->unk0 & 0x200)) {
        if ((u8) arg2 != 0) {
            return (s32) &D_8036BB48;
        }
        return func_hd_code_8025B558(D_8036BB48);
    }
    if ((u8) arg2 != 0) {
        return sp30;
    }
    return sp34;

}

// @internal
u8 func_hd_code_8026F644(struct S_802F8BDC* arg0, struct S_8020C070* arg1, s16 arg2) {
  if (arg1->unk0 & 0x1000) {
    return MAX(0x00, MIN(0xFF, 0x200 - (((ABS(arg2)) << 9) / (arg0->unk2 / 3))));
  }
  return 0xFF;
}

// @internal
u16 func_hd_code_8026F82C(u16 arg0, u16 arg1, u16 arg2) {
  s32 sp4;

  for(sp4 = arg1 - 1; sp4 >= arg0; sp4--) {
    if (D_8036BB10[sp4].unk0 & (arg2)) {
      return sp4;
    }
  }
  return arg1;
}

// @internal
u16 func_hd_code_8026F8A8(u16 arg0, u16 arg1, u16 arg2, u16 arg3) {
  s32 sp4;

  for(sp4 = arg2 + 1; sp4 < arg0 + arg1; sp4++) {
    if (D_8036BB10[sp4].unk0 & (arg3)) {
      return sp4;
    }
  }
  return arg2;
}

s32 func_hd_code_8026F92C(u64 arg) {
  s64 sp1C;

  if ((arg == 0)) {
    rmonPrintf(ASSERT_MESSAGE, "in", "yoshi.c", 0x8DE);
  }
  if ((arg == 0)) {
    return -1;
  }

  for(sp1C = 0; !((1LL << sp1C) & arg); sp1C++) {

  }

  return sp1C;
}

u8 func_hd_code_8026FA38(char** arg0, s32* arg1) {
  s32 sp1C;
  s32 sp18;

  sp18 = 0;
  rmonPrintf("path builing=%d\n", D_803F7684);
  sp1C = 0;
  if (sp18 == 0) {
    loop_1:
            if (D_hd_code_802F9934[sp1C].unk0 == D_803F7684) {
              sp18 = sp1C + 0x1A;
            }
    sp1C++;
    if ((sp1C < 7) && (sp18 == 0)) {
      goto loop_1;
    }
  }
  if (sp18 == 0) {
    sp18 = 0x1A;
    sp1C = 1;
  }
  if (arg0 != NULL) {
    *arg0 = D_hd_code_802F9934[sp1C-1].unk1;
  }
  if (arg1 != NULL) {
    *arg1 = D_hd_code_802F9934[sp1C-1].unk10;
  }
  return sp18;
}

// @internal
void func_hd_code_8026FB50(struct S_802F8BDC* arg0) {
  if (arg0->unk8 & 0x8000) {
    D_8036BB10 = D_hd_code_8036BB24;
    return;
  }
  if (arg0->unk8 & 0x800) {
    D_8036BB10 = &D_8020C070[0];
    return;
  }
  D_8036BB10 = &D_hd_code_802F5804[0];
}

